,,,,,,,,,,,Passing,,,,,,,,,,,Rushing,,,,Receiving,,,,,,,Scoring,,Fumbles,,,,,,Off. Snaps,,Def. Snaps,,ST Snaps,,
Rk,Year,Date,G#,Week,Age,Tm,,Opp,Result,GS,Cmp,Att,Cmp%,Yds,TD,Int,Rate,Sk,Yds,Y/A,AY/A,Att,Yds,Y/A,TD,Tgt,Rec,Yds,Y/R,TD,Ctch%,Y/Tgt,TD,Pts,Fmb,FL,FF,FR,Yds,TD,Num,Pct,Num,Pct,Num,Pct,Status
1,2014,9/7/14,1,1,23.163,OAK,@,NYJ,L 14-19,*,20,32,62.5,151,2,0,94.7,2,18,4.72,5.97,1,-1,-1,0,0,0,0,,0,0.00%,,0,0,0,0,0,1,0,0,52,100%,0,0%,0,0%,
2,2014,9/14/14,2,2,23.17,OAK,,HOU,L 14-30,*,27,42,64.29,263,1,2,69.8,0,0,6.26,4.6,4,58,14.5,0,0,0,0,,0,0.00%,,0,0,0,0,0,0,0,0,62,100%,0,0%,0,0%,
3,2014,9/21/14,3,3,23.177,OAK,@,NWE,L 9-16,*,21,34,61.76,174,0,1,62.6,0,0,5.12,3.79,0,0,,0,0,0,0,,0,0.00%,,0,0,0,0,0,0,0,0,59,100%,0,0%,0,0%,
4,2014,9/28/14,4,4,23.184,OAK,,MIA,L 14-38,*,16,25,64,146,1,1,76.4,1,3,5.84,4.84,2,9,4.5,0,0,0,0,,0,0.00%,,0,0,0,0,0,0,0,0,41,63%,0,0%,0,0%,
5,2014,10/12/14,5,6,23.198,OAK,,SDG,L 28-31,*,18,34,52.94,282,4,1,107.7,0,0,8.29,9.32,1,2,2,0,0,0,0,,0,0.00%,,0,0,0,0,0,0,0,0,58,100%,0,0%,0,0%,
6,2014,10/19/14,6,7,23.205,OAK,,ARI,L 13-24,*,16,28,57.14,173,0,0,75.4,1,9,6.18,6.18,2,2,1,0,0,0,0,,0,0.00%,,0,0,0,0,0,0,0,0,51,100%,0,0%,0,0%,
7,2014,10/26/14,7,8,23.212,OAK,@,CLE,L 13-23,*,34,54,62.96,328,1,0,86,4,17,6.07,6.44,1,2,2,0,1,0,0,,0,0.00%,0,0,0,2,1,0,0,0,0,82,100%,0,0%,0,0%,
8,2014,11/2/14,8,9,23.219,OAK,@,SEA,L 24-30,*,24,41,58.54,194,2,2,66.5,1,5,4.73,3.51,2,9,4.5,0,0,0,0,,0,0.00%,,0,0,1,0,0,0,0,0,61,100%,0,0%,0,0%,
9,2014,11/9/14,9,10,23.226,OAK,,DEN,L 17-41,*,30,47,63.83,192,2,2,68.8,0,0,4.09,3.02,0,0,,0,0,0,0,,0,0.00%,,0,0,1,0,0,1,0,0,63,100%,0,0%,0,0%,
10,2014,11/16/14,10,11,23.233,OAK,@,SDG,L 6-13,*,16,34,47.06,172,0,0,62.4,2,10,5.06,5.06,2,0,0,0,0,0,0,,0,0.00%,,0,0,2,1,0,1,-2,0,58,100%,0,0%,0,0%,
11,2014,11/20/14,11,12,23.237,OAK,,KAN,W 24-20,*,18,35,51.43,174,1,0,75.2,1,2,4.97,5.54,3,2,0.67,0,0,0,0,,0,0.00%,,0,0,0,0,0,0,0,0,69,100%,0,0%,0,0%,
12,2014,11/30/14,12,13,23.247,OAK,@,STL,L 0-52,*,24,39,61.54,173,0,2,50.5,3,23,4.44,2.13,1,1,1,0,0,0,0,,0,0.00%,,0,0,0,0,0,0,0,0,59,76%,0,0%,0,0%,
13,2014,12/7/14,13,14,23.254,OAK,,SFO,W 24-13,*,22,28,78.57,254,3,0,140.2,1,9,9.07,11.21,2,2,1,0,0,0,0,,0,0.00%,,0,0,0,0,0,0,0,0,63,100%,0,0%,0,0%,
14,2014,12/14/14,14,15,23.261,OAK,@,KAN,L 13-31,*,27,56,48.21,222,1,0,64.7,4,20,3.96,4.32,1,0,0,0,0,0,0,,0,0.00%,,0,0,1,1,0,0,-3,0,81,100%,0,0%,0,0%,
15,2014,12/21/14,15,16,23.268,OAK,,BUF,W 26-24,*,17,34,50,214,2,0,89.6,1,7,6.29,7.47,4,0,0,0,0,0,0,,0,0.00%,,0,0,1,0,0,1,-4,0,72,100%,0,0%,0,0%,
16,2014,12/28/14,16,17,23.275,OAK,@,DEN,L 14-47,*,18,36,50,158,1,1,59.7,3,26,4.39,3.69,3,6,2,0,0,0,0,,0,0.00%,,0,0,2,1,0,0,-21,0,58,100%,0,0%,0,0%,
17,2015,9/13/15,1,1,24.169,OAK,,CIN,L 13-33,*,7,12,58.33,61,0,0,71.9,0,0,5.08,5.08,1,8,8,0,0,0,0,,0,0.00%,,0,0,1,0,0,0,0,0,23,37%,0,0%,0,0%,
18,2015,9/20/15,2,2,24.176,OAK,,BAL,W 37-33,*,30,46,65.22,351,3,1,100.9,1,0,7.63,7.96,2,23,11.5,0,0,0,0,,0,0.00%,,0,0,0,0,0,0,0,0,74,100%,0,0%,0,0%,
19,2015,9/27/15,3,3,24.183,OAK,@,CLE,W 27-20,*,20,32,62.5,314,2,0,115.9,0,0,9.81,11.06,1,-1,-1,0,0,0,0,,0,0.00%,,0,0,0,0,0,0,0,0,68,100%,0,0%,0,0%,
20,2015,10/4/15,4,4,24.19,OAK,@,CHI,L 20-22,*,20,33,60.61,196,2,1,84.9,2,23,5.94,5.79,1,0,0,0,0,0,0,,0,0.00%,,0,0,1,1,0,0,-9,0,58,100%,0,0%,0,0%,
21,2015,10/11/15,5,5,24.197,OAK,,DEN,L 10-16,*,26,39,66.67,249,1,1,82.1,4,26,6.38,5.74,1,-1,-1,0,0,0,0,,0,0.00%,,0,0,1,1,0,0,0,0,70,100%,0,0%,0,0%,
22,2015,10/25/15,6,7,24.211,OAK,@,SDG,W 37-29,*,24,31,77.42,289,3,0,137.7,1,7,9.32,11.26,2,3,1.5,0,0,0,0,,0,0.00%,,0,0,0,0,0,0,0,0,62,100%,0,0%,0,0%,
23,2015,11/1/15,7,8,24.218,OAK,,NYJ,W 34-20,*,23,36,63.89,333,4,0,130.9,0,0,9.25,11.47,2,-2,-1,0,0,0,0,,0,0.00%,,0,0,0,0,0,0,0,0,62,100%,0,0%,0,0%,
24,2015,11/8/15,8,9,24.225,OAK,@,PIT,L 35-38,*,24,44,54.55,301,4,1,96.9,0,0,6.84,7.64,2,3,1.5,0,0,0,0,,0,0.00%,,0,0,0,0,0,0,0,0,70,100%,0,0%,0,0%,
25,2015,11/15/15,9,10,24.232,OAK,,MIN,L 14-30,*,29,43,67.44,302,2,2,83.7,2,15,7.02,5.86,2,12,6,0,0,0,0,,0,0.00%,,0,0,0,0,0,0,0,0,64,100%,0,0%,0,0%,
26,2015,11/22/15,10,11,24.239,OAK,@,DET,L 13-18,*,13,25,52,169,0,0,73.6,1,5,6.76,6.76,1,8,8,0,0,0,0,,0,0.00%,,0,0,1,0,0,0,0,0,51,100%,0,0%,0,0%,
27,2015,11/29/15,11,12,24.246,OAK,@,TEN,W 24-21,*,24,37,64.86,330,3,0,120.3,1,7,8.92,10.54,4,5,1.25,0,0,0,0,,0,0.00%,,0,0,2,1,0,1,-4,0,70,99%,0,0%,0,0%,
28,2015,12/6/15,12,13,24.253,OAK,,KAN,L 20-34,*,31,48,64.58,283,2,3,68.3,4,21,5.9,3.92,0,0,,0,0,0,0,,0,0.00%,,0,0,1,0,0,1,0,0,79,100%,0,0%,0,0%,
29,2015,12/13/15,13,14,24.26,OAK,@,DEN,W 15-12,*,12,29,41.38,135,2,0,79,3,36,4.66,6.03,4,-4,-1,0,0,0,0,,0,0.00%,,0,0,1,0,0,0,0,0,57,100%,0,0%,0,0%,
30,2015,12/20/15,14,15,24.267,OAK,,GNB,L 20-30,*,23,47,48.94,276,2,2,63.8,3,24,5.87,4.81,4,42,10.5,0,0,0,0,,0,0.00%,,0,0,0,0,0,0,0,0,77,100%,0,0%,0,0%,
31,2015,12/24/15,15,16,24.271,OAK,,SDG,W 23-20,*,23,38,60.53,204,1,1,72.7,3,29,5.37,4.71,4,30,7.5,0,0,0,0,,0,0.00%,,0,0,0,0,0,0,0,0,70,100%,0,0%,0,0%,
32,2015,1/3/16,16,17,24.281,OAK,@,KAN,L 17-23,*,21,33,63.64,194,1,1,77.1,6,37,5.88,5.12,2,12,6,0,0,0,0,,0,0.00%,,0,0,2,0,0,0,0,0,57,100%,0,0%,0,0%,
33,2016,9/11/16,1,1,25.167,OAK,@,NOR,W 35-34,*,24,38,63.16,319,1,0,98.5,0,0,8.39,8.92,2,16,8,0,0,0,0,,0,0.00%,,0,0,0,0,0,0,0,0,73,100%,0,0%,0,0%,
34,2016,9/18/16,2,2,25.174,OAK,,ATL,L 28-35,*,34,45,75.56,299,3,0,115,1,0,6.64,7.98,2,10,5,0,0,0,0,,0,0.00%,,0,0,0,0,0,0,-7,0,75,100%,0,0%,0,0%,
35,2016,9/25/16,3,3,25.181,OAK,@,TEN,W 17-10,*,21,35,60,249,1,1,79.3,1,4,7.11,6.4,1,-1,-1,0,0,0,0,,0,0.00%,,0,0,0,0,0,0,0,0,65,100%,0,0%,0,0%,
36,2016,10/2/16,4,4,25.188,OAK,@,BAL,W 28-27,*,25,35,71.43,199,4,0,123.4,0,0,5.69,7.97,3,-2,-0.67,0,0,0,0,,0,0.00%,,0,0,0,0,0,0,0,0,60,100%,0,0%,0,0%,
37,2016,10/9/16,5,5,25.195,OAK,,SDG,W 34-31,*,25,40,62.5,317,2,1,93.4,3,17,7.93,7.8,2,13,6.5,0,0,0,0,,0,0.00%,,0,0,0,0,0,0,0,0,72,99%,0,0%,0,0%,
38,2016,10/16/16,6,6,25.202,OAK,,KAN,L 10-26,*,22,34,64.71,225,1,1,81.1,2,4,6.62,5.88,3,8,2.67,0,0,0,0,,0,0.00%,,0,0,2,1,0,0,-3,0,55,100%,0,0%,0,0%,
39,2016,10/23/16,7,7,25.209,OAK,@,JAX,W 33-16,*,23,37,62.16,200,1,0,85.4,0,0,5.41,5.95,4,4,1,0,0,0,0,,0,0.00%,,0,0,0,0,0,0,0,0,72,100%,0,0%,0,0%,
40,2016,10/30/16,8,8,25.216,OAK,@,TAM,W 30-24,*,40,59,67.8,513,4,0,117.4,2,15,8.69,10.05,1,13,13,0,0,0,0,,0,0.00%,,0,0,1,1,0,0,0,0,94,100%,0,0%,0,0%,
41,2016,11/6/16,9,9,25.223,OAK,,DEN,W 30-20,*,20,31,64.52,184,0,0,80.6,2,5,5.94,5.94,4,3,0.75,0,0,0,0,,0,0.00%,,0,0,0,0,0,0,0,0,88,100%,0,0%,0,0%,
42,2016,11/21/16,10,11,25.238,OAK,,HOU,W 27-20,*,21,31,67.74,295,3,1,117,0,0,9.52,10,2,-2,-1,0,0,0,0,,0,0.00%,,0,0,0,0,0,0,0,0,53,100%,0,0%,0,0%,
43,2016,11/27/16,11,12,25.244,OAK,,CAR,W 35-32,*,26,38,68.42,315,2,1,100.2,1,5,8.29,8.16,5,-12,-2.4,0,0,0,0,,0,0.00%,,0,0,2,1,0,0,-1,0,70,95%,0,0%,0,0%,
44,2016,12/4/16,12,13,25.251,OAK,,BUF,W 38-24,*,19,35,54.29,260,2,0,97.3,0,0,7.43,8.57,2,4,2,0,0,0,0,,0,0.00%,,0,0,0,0,0,0,0,0,71,100%,0,0%,0,0%,
45,2016,12/8/16,13,14,25.255,OAK,@,KAN,L 13-21,*,17,41,41.46,117,0,0,49.1,1,8,2.85,2.85,2,3,1.5,0,0,0,0,,0,0.00%,,0,0,0,0,0,0,0,0,75,100%,0,0%,0,0%,
46,2016,12/18/16,14,15,25.265,OAK,@,SDG,W 19-16,*,19,30,63.33,213,1,1,81.7,2,13,7.1,6.27,5,5,1,0,0,0,0,,0,0.00%,,0,0,0,0,0,0,0,0,62,100%,0,0%,0,0%,
47,2016,12/24/16,15,16,25.271,OAK,,IND,W 33-25,*,21,31,67.74,232,3,0,122,1,8,7.48,9.42,1,8,8,0,0,0,0,,0,0.00%,,0,0,0,0,0,0,0,0,63,83%,0,0%,0,0%,
48,2016,1/1/17,,17,,OAK,@,DEN,L 6-24,Inactive,,,,,,,,,,,,,,,,,,,,,,,,,,,,,,,,,,,,,
49,2017,9/10/17,1,1,26.166,OAK,@,TEN,W 26-16,*,22,32,68.75,262,2,0,114.3,2,12,8.19,9.44,2,2,1,0,0,0,0,,0,0.00%,,0,0,1,0,0,0,0,0,66,100%,0,0%,0,0%,
50,2017,9/17/17,2,2,26.173,OAK,,NYJ,W 45-20,*,23,28,82.14,230,3,0,136.6,0,0,8.21,10.36,0,0,,0,0,0,0,,0,0.00%,,0,0,0,0,0,0,0,0,57,100%,0,0%,0,0%,
51,2017,9/24/17,3,3,26.18,OAK,@,WAS,L 10-27,*,19,31,61.29,118,1,2,52.9,4,22,3.81,1.55,2,5,2.5,0,0,0,0,,0,0.00%,,0,0,0,0,0,0,0,0,51,100%,0,0%,0,0%,
52,2017,10/1/17,4,4,26.187,OAK,@,DEN,L 10-16,*,10,18,55.56,143,1,0,100,2,12,7.94,9.06,0,0,,0,0,0,0,,0,0.00%,,0,0,0,0,0,0,0,0,34,63%,0,0%,0,0%,
53,2017,10/8/17,,5,,OAK,,BAL,L 17-30,Inactive,,,,,,,,,,,,,,,,,,,,,,,,,,,,,,,,,,,,,
54,2017,10/15/17,6,6,26.201,OAK,,LAC,L 16-17,*,21,30,70,171,1,2,67.5,1,6,5.7,3.37,1,0,0,0,0,0,0,,0,0.00%,,0,0,1,0,0,1,0,0,58,100%,0,0%,0,0%,
55,2017,10/19/17,7,7,26.205,OAK,,KAN,W 31-30,*,29,52,55.77,417,3,0,101.2,0,0,8.02,9.17,1,15,15,0,0,0,0,,0,0.00%,,0,0,0,0,0,0,0,0,82,100%,0,0%,0,0%,
56,2017,10/29/17,8,8,26.215,OAK,@,BUF,L 14-34,*,31,49,63.27,313,1,2,71.2,0,0,6.39,4.96,0,0,,0,0,0,0,,0,0.00%,,0,0,0,0,0,0,0,0,65,100%,0,0%,0,0%,
57,2017,11/5/17,9,9,26.222,OAK,@,MIA,W 27-24,*,21,30,70,300,1,1,99.3,1,5,10,9.17,4,-3,-0.75,0,0,0,0,,0,0.00%,,0,0,2,0,0,0,-2,0,64,100%,0,0%,0,0%,
58,2017,11/19/17,10,11,26.236,OAK,,NWE,L 8-33,*,28,49,57.14,237,1,1,68.2,1,2,4.84,4.33,0,0,,0,0,0,0,,0,0.00%,,0,0,0,0,0,0,0,0,74,100%,0,0%,0,0%,
59,2017,11/26/17,11,12,26.243,OAK,,DEN,W 21-14,*,18,24,75,253,2,0,136.3,2,9,10.54,12.21,3,-3,-1,0,0,0,0,,0,0.00%,,0,0,1,1,0,0,0,0,68,100%,0,0%,0,0%,
60,2017,12/3/17,12,13,26.25,OAK,,NYG,W 24-17,*,22,36,61.11,287,1,0,95.5,1,5,7.97,8.53,1,-1,-1,0,0,0,0,,0,0.00%,,0,0,0,0,0,0,0,0,65,100%,0,0%,0,0%,
61,2017,12/10/17,13,14,26.257,OAK,@,KAN,L 15-26,*,24,41,58.54,211,1,2,60.1,3,13,5.15,3.44,0,0,,0,0,0,0,,0,0.00%,,0,0,0,0,0,0,0,0,61,100%,0,0%,0,0%,
62,2017,12/17/17,14,15,26.264,OAK,,DAL,L 17-20,*,21,38,55.26,171,2,0,84.4,0,0,4.5,5.55,4,47,11.75,0,0,0,0,,0,0.00%,,0,0,1,1,0,0,0,0,66,100%,0,0%,0,0%,
63,2017,12/25/17,15,16,26.272,OAK,@,PHI,L 10-19,*,15,29,51.72,140,1,2,48.1,1,3,4.83,2.41,3,3,1,0,0,0,0,,0,0.00%,,0,0,1,0,0,0,0,0,67,100%,0,0%,0,0%,
64,2017,12/31/17,16,17,26.278,OAK,@,LAC,L 10-30,*,19,28,67.86,243,1,1,91.8,2,12,8.68,7.79,2,1,0.5,0,0,0,0,,0,0.00%,,0,0,1,1,0,0,0,0,54,100%,0,0%,0,0%,
65,2018,9/10/18,1,1,27.166,OAK,,LAR,L 13-33,*,29,40,72.5,303,0,3,62.8,1,3,7.58,4.2,2,1,0.5,0,0,0,0,,0,0.00%,,0,0,0,0,0,0,0,0,70,100%,0,0%,0,0%,
66,2018,9/16/18,2,2,27.172,OAK,@,DEN,L 19-20,*,29,32,90.63,288,1,0,114.6,1,7,9,9.63,0,0,,0,0,0,0,,0,0.00%,,0,0,0,0,0,0,0,0,65,100%,0,0%,0,0%,
67,2018,9/23/18,3,3,27.179,OAK,@,MIA,L 20-28,*,27,39,69.23,345,1,2,83.8,3,20,8.85,7.05,2,-2,-1,0,0,0,0,,0,0.00%,,0,0,0,0,0,0,0,0,76,100%,0,0%,0,0%,
68,2018,9/30/18,4,4,27.186,OAK,,CLE,W 45-42,*,35,58,60.34,437,4,2,92.4,3,11,7.53,7.36,2,1,0.5,0,0,0,0,,0,0.00%,,0,0,0,0,0,0,0,0,92,100%,0,0%,0,0%,
69,2018,10/7/18,5,5,27.193,OAK,@,LAC,L 10-26,*,24,33,72.73,268,1,1,94,3,20,8.12,7.36,1,5,5,0,0,0,0,,0,0.00%,,0,0,0,0,0,0,0,0,53,100%,0,0%,0,0%,
70,2018,10/14/18,6,6,27.2,OAK,,SEA,L 3-27,*,23,31,74.19,142,0,0,83,6,36,4.58,4.58,4,31,7.75,0,0,0,0,,0,0.00%,,0,0,2,2,0,0,0,0,60,100%,0,0%,0,0%,
71,2018,10/28/18,7,8,27.214,OAK,,IND,L 28-42,*,21,28,75,244,3,0,136.6,0,0,8.71,10.86,2,0,0,1,0,0,0,,0,0.00%,,1,6,0,0,0,0,0,0,50,100%,0,0%,0,0%,
72,2018,11/1/18,8,9,27.218,OAK,@,SFO,L 3-34,*,16,21,76.19,171,0,0,99.5,7,32,8.14,8.14,3,5,1.67,0,0,0,0,,0,0.00%,,0,0,2,0,0,1,0,0,47,82%,0,0%,0,0%,
73,2018,11/11/18,9,10,27.228,OAK,,LAC,L 6-20,*,24,37,64.86,243,0,0,83.5,4,40,6.57,6.57,2,2,1,0,0,0,0,,0,0.00%,,0,0,1,1,0,0,0,0,63,100%,0,0%,0,0%,
74,2018,11/18/18,10,11,27.235,OAK,@,ARI,W 23-21,*,19,31,61.29,192,2,0,100.5,4,19,6.19,7.48,0,0,,0,0,0,0,,0,0.00%,,0,0,0,0,0,0,0,0,68,100%,0,0%,0,0%,
75,2018,11/25/18,11,12,27.242,OAK,@,BAL,L 17-34,*,16,34,47.06,194,1,0,74.9,3,12,5.71,6.29,0,0,,0,0,0,0,,0,0.00%,,0,0,1,1,0,0,0,0,56,97%,0,0%,0,0%,
76,2018,12/2/18,12,13,27.249,OAK,,KAN,L 33-40,*,29,38,76.32,285,3,0,123.2,3,14,7.5,9.08,1,8,8,0,0,0,0,,0,0.00%,,0,0,1,0,0,0,0,0,76,100%,0,0%,0,0%,
77,2018,12/9/18,13,14,27.256,OAK,,PIT,W 24-21,*,25,34,73.53,322,2,0,122.4,4,23,9.47,10.65,1,-1,-1,0,0,0,0,,0,0.00%,,0,0,1,1,0,0,0,0,67,100%,0,0%,0,0%,
78,2018,12/16/18,14,15,27.263,OAK,@,CIN,L 16-30,*,21,38,55.26,263,1,0,85.7,5,34,6.92,7.45,0,0,,0,1,1,-9,-9,0,100.00%,-9,0,0,1,1,0,0,0,0,59,100%,0,0%,0,0%,
79,2018,12/24/18,15,16,27.271,OAK,,DEN,W 27-14,*,19,26,73.08,167,0,0,89.7,1,8,6.42,6.42,4,-3,-0.75,0,0,0,0,,0,0.00%,,0,0,1,0,0,1,-6,0,62,100%,0,0%,0,0%,
80,2018,12/30/18,16,17,27.277,OAK,@,KAN,L 3-35,*,24,33,72.73,185,0,2,60.8,3,20,5.61,2.88,0,0,,0,0,0,0,,0,0.00%,,0,0,2,1,0,0,0,0,66,100%,0,0%,0,0%,
81,2019,9/9/19,1,1,28.165,OAK,,DEN,W 24-16,*,22,26,84.62,259,1,0,121,0,0,9.96,10.73,2,2,1,0,0,0,0,,0,0.00%,,0,0,0,0,0,0,0,0,55,100%,0,0%,0,0%,
82,2019,9/15/19,2,2,28.171,OAK,,KAN,L 10-28,*,23,38,60.53,198,1,2,61.1,3,20,5.21,3.37,2,18,9,0,0,0,0,,0,0.00%,,0,0,2,0,0,1,0,0,62,100%,0,0%,0,0%,
83,2019,9/22/19,3,3,28.178,OAK,@,MIN,L 14-34,*,27,34,79.41,242,2,1,103.7,4,28,7.12,6.97,1,0,0,0,0,0,0,,0,0.00%,,0,0,0,0,0,0,0,0,59,100%,0,0%,0,0%,
84,2019,9/29/19,4,4,28.185,OAK,@,IND,W 31-24,*,21,31,67.74,189,2,0,105.4,1,0,6.1,7.39,2,-1,-0.5,0,0,0,0,,0,0.00%,,0,0,1,1,0,0,-1,0,64,100%,0,0%,0,0%,
85,2019,10/6/19,5,5,28.192,OAK,,CHI,W 24-21,*,25,32,78.13,229,0,0,96.5,0,0,7.16,7.16,3,8,2.67,0,0,0,0,,0,0.00%,,0,0,1,1,0,0,-16,0,72,100%,0,0%,0,0%,
86,2019,10/20/19,6,7,28.206,OAK,@,GNB,L 24-42,*,22,28,78.57,293,2,1,119.2,0,0,10.46,10.29,2,0,0,0,0,0,0,,0,0.00%,,0,0,1,1,0,0,0,0,59,89%,0,0%,0,0%,
87,2019,10/27/19,7,8,28.213,OAK,@,HOU,L 24-27,*,18,30,60,285,3,0,125,0,0,9.5,11.5,0,0,,0,0,0,0,,0,0.00%,,0,0,0,0,0,0,0,0,55,100%,0,0%,0,0%,
88,2019,11/3/19,8,9,28.22,OAK,,DET,W 31-24,*,20,31,64.52,289,2,0,116.2,1,10,9.32,10.61,0,0,,0,0,0,0,,0,0.00%,,0,0,0,0,0,3,0,0,70,100%,0,0%,0,0%,
89,2019,11/7/19,9,10,28.224,OAK,,LAC,W 26-24,*,21,31,67.74,218,1,0,98.6,3,18,7.03,7.68,1,4,4,0,0,0,0,,0,0.00%,,0,0,0,0,0,0,0,0,58,100%,0,0%,0,0%,
90,2019,11/17/19,10,11,28.234,OAK,,CIN,W 17-10,*,25,29,86.21,292,1,1,105.7,3,19,10.07,9.21,5,1,0.2,1,0,0,0,,0,0.00%,,1,6,0,0,0,0,0,0,68,100%,0,0%,0,0%,
91,2019,11/24/19,11,12,28.241,OAK,@,NYJ,L 3-34,*,15,27,55.56,127,0,1,52.5,1,7,4.7,3.04,1,11,11,0,0,0,0,,0,0.00%,,0,0,0,0,0,0,0,0,42,72%,0,0%,0,0%,
92,2019,12/1/19,12,13,28.248,OAK,@,KAN,L 9-40,*,20,30,66.67,222,1,2,71.8,2,12,7.4,5.07,3,7,2.33,0,0,0,0,,0,0.00%,,0,0,1,0,0,0,0,0,59,100%,0,0%,0,0%,
93,2019,12/8/19,13,14,28.255,OAK,,TEN,L 21-42,*,25,34,73.53,262,2,0,115.1,2,4,7.71,8.88,2,17,8.5,0,0,0,0,,0,0.00%,,0,0,0,0,0,0,0,0,62,100%,0,0%,0,0%,
94,2019,12/15/19,14,15,28.262,OAK,,JAX,L 16-20,*,22,36,61.11,267,1,0,93.2,4,31,7.42,7.97,1,12,12,0,0,0,0,,0,0.00%,,0,0,0,0,0,0,0,0,75,100%,0,0%,0,0%,
95,2019,12/22/19,15,16,28.269,OAK,@,LAC,W 24-17,*,26,30,86.67,291,1,0,118.2,3,24,9.7,10.37,1,3,3,1,0,0,0,,0,0.00%,,1,6,0,0,0,0,0,0,63,100%,0,0%,0,0%,
96,2019,12/29/19,16,17,28.276,OAK,@,DEN,L 15-16,*,29,46,63.04,391,1,0,97.3,2,11,8.5,8.93,1,0,0,0,0,0,0,,0,0.00%,,0,0,1,0,0,1,-2,0,73,100%,0,0%,0,0%,
97,2020,9/13/20,1,1,29.169,LVR,@,CAR,W 34-30,*,22,30,73.33,239,1,0,107.5,0,0,7.97,8.63,0,0,,0,0,0,0,,0,0.00%,,0,0,0,0,0,0,0,0,63,100%,0,0%,0,0%,
98,2020,9/21/20,2,2,29.177,LVR,,NOR,W 34-24,*,28,38,73.68,284,3,0,120.9,3,23,7.47,9.05,3,3,1,0,0,0,0,,0,0.00%,,0,0,2,1,0,0,-6,0,80,100%,0,0%,0,0%,
99,2020,9/27/20,3,3,29.183,LVR,@,NWE,L 20-36,*,24,32,75,261,2,0,119.4,2,12,8.16,9.41,2,10,5,0,0,0,0,,0,0.00%,,0,0,2,2,0,0,0,0,59,100%,0,0%,0,0%,
100,2020,10/4/20,4,4,29.19,LVR,,BUF,L 23-30,*,32,44,72.73,311,2,0,107.3,2,14,7.07,7.98,4,20,5,0,0,0,0,,0,0.00%,,0,0,1,1,0,0,0,0,74,100%,0,0%,0,0%,
101,2020,10/11/20,5,5,29.197,LVR,@,KAN,W 40-32,*,22,31,70.97,347,3,1,126.7,1,1,11.19,11.68,4,1,0.25,0,0,0,0,,0,0.00%,,0,0,0,0,0,0,0,0,70,100%,0,0%,0,0%,
102,2020,10/25/20,6,7,29.211,LVR,,TAM,L 20-45,*,24,36,66.67,284,2,1,97.5,3,13,7.89,7.75,2,19,9.5,0,0,0,0,,0,0.00%,,0,0,1,0,0,0,0,0,65,100%,0,0%,0,0%,
103,2020,11/1/20,7,8,29.218,LVR,@,CLE,W 16-6,*,15,24,62.5,111,1,0,87.3,2,11,4.63,5.46,6,41,6.83,0,0,0,0,,0,0.00%,,0,0,1,0,0,0,0,0,72,100%,0,0%,0,0%,
104,2020,11/8/20,8,9,29.225,LVR,@,LAC,W 31-26,*,13,23,56.52,165,2,0,108.1,1,5,7.17,8.91,2,14,7,0,0,0,0,,0,0.00%,,0,0,1,1,0,0,0,0,51,100%,0,0%,0,0%,
105,2020,11/15/20,9,10,29.232,LVR,,DEN,W 37-12,*,16,25,64,154,0,0,81.1,0,0,6.16,6.16,4,10,2.5,0,0,0,0,,0,0.00%,,0,0,0,0,0,0,0,0,72,100%,0,0%,0,0%,
106,2020,11/22/20,10,11,29.239,LVR,,KAN,L 31-35,*,23,31,74.19,275,3,1,119.7,0,0,8.87,9.35,3,6,2,0,0,0,0,,0,0.00%,,0,0,0,0,0,0,0,0,59,100%,0,0%,0,0%,
107,2020,11/29/20,11,12,29.246,LVR,@,ATL,L 6-43,*,22,34,64.71,215,0,1,70.1,3,21,6.32,5,0,0,,0,0,0,0,,0,0.00%,,0,0,3,3,0,0,0,0,52,83%,0,0%,0,0%,
108,2020,12/6/20,12,13,29.253,LVR,@,NYJ,W 31-28,*,28,47,59.57,381,3,1,97.9,2,13,8.11,8.43,2,5,2.5,1,0,0,0,,0,0.00%,,1,6,0,0,0,0,0,0,78,100%,0,0%,0,0%,
109,2020,12/13/20,13,14,29.26,LVR,,IND,L 27-44,*,31,45,68.89,316,2,2,85,0,0,7.02,5.91,3,12,4,1,0,0,0,,0,0.00%,,1,6,0,0,0,0,0,0,68,100%,0,0%,0,0%,
110,2020,12/17/20,14,15,29.264,LVR,,LAC,L 27-30,*,3,5,60,53,0,0,96.2,1,3,10.6,10.6,0,0,,0,0,0,0,,0,0.00%,,0,0,0,0,0,0,0,0,11,14%,0,0%,0,0%,
111,2020,12/26/20,15,16,29.273,LVR,,MIA,L 25-26,*,21,34,61.76,336,1,0,104.5,3,22,9.88,10.47,2,-2,-1,1,0,0,0,,0,0.00%,,1,6,0,0,0,0,0,0,64,100%,0,0%,0,0%,
112,2020,1/3/21,16,17,29.281,LVR,@,DEN,W 32-31,*,24,38,63.16,371,2,2,91,3,12,9.76,8.45,2,1,0.5,0,0,0,0,,0,0.00%,,0,0,0,0,0,0,0,0,69,100%,0,0%,0,0%,
113,2021,9/13/21,1,1,30.169,LVR,,BAL,W 33-27,*,34,56,60.71,435,2,1,89.5,3,26,7.77,7.68,4,6,1.5,0,0,0,0,,0,0.00%,,0,0,1,0,0,1,-10,0,86,100%,0,0%,0,0%,
114,2021,9/19/21,2,2,30.175,LVR,@,PIT,W 26-17,*,28,37,75.68,382,2,0,126.2,2,9,10.32,11.41,4,9,2.25,0,0,0,0,,0,0.00%,,0,0,2,0,0,1,-3,0,66,100%,0,0%,0,0%,
115,2021,9/26/21,3,3,30.182,LVR,,MIA,W 31-28,*,26,43,60.47,386,2,1,95.7,3,29,8.98,8.86,2,-2,-1,0,0,0,0,,0,0.00%,,0,0,0,0,0,1,0,0,83,100%,0,0%,0,0%,
116,2021,10/4/21,4,4,30.19,LVR,@,LAC,L 14-28,*,21,34,61.76,196,2,1,84.9,4,31,5.76,5.62,3,6,2,0,0,0,0,,0,0.00%,,0,0,1,0,0,0,0,0,57,100%,0,0%,0,0%,
117,2021,10/10/21,5,5,30.196,LVR,,CHI,L 9-20,*,22,35,62.86,206,0,1,67.1,3,18,5.89,4.6,3,10,3.33,0,0,0,0,,0,0.00%,,0,0,0,0,0,0,0,0,63,94%,0,0%,0,0%,
118,2021,10/17/21,6,6,30.203,LVR,@,DEN,W 34-24,*,18,27,66.67,341,2,0,134.4,2,1,12.63,14.11,2,-1,-0.5,0,0,0,0,,0,0.00%,,0,0,1,0,0,1,-2,0,56,100%,0,0%,0,0%,
119,2021,10/24/21,7,7,30.21,LVR,,PHI,W 33-22,*,31,34,91.18,323,2,1,113.6,0,0,9.5,9.35,2,1,0.5,0,0,0,0,,0,0.00%,,0,0,0,0,0,0,0,0,66,100%,0,0%,0,0%,
120,2021,11/7/21,8,9,30.224,LVR,@,NYG,L 16-23,*,30,46,65.22,296,1,2,72.4,1,10,6.43,4.91,2,5,2.5,0,0,0,0,,0,0.00%,,0,0,1,1,0,0,0,0,68,99%,0,0%,0,0%,
121,2021,11/14/21,9,10,30.231,LVR,,KAN,L 14-41,*,25,35,71.43,261,2,1,99.8,2,12,7.46,7.31,3,18,6,0,0,0,0,,0,0.00%,,0,0,0,0,0,0,0,0,54,100%,0,0%,0,0%,
122,2021,11/21/21,10,11,30.238,LVR,,CIN,L 13-32,*,19,27,70.37,215,1,1,90.8,2,9,7.96,7.04,0,0,,0,0,0,0,,0,0.00%,,0,0,1,1,0,0,0,0,47,100%,0,0%,0,0%,
123,2021,11/25/21,11,12,30.242,LVR,@,DAL,W 36-33,*,24,39,61.54,373,1,0,101.8,3,7,9.56,10.08,2,21,10.5,0,0,0,0,,0,0.00%,,0,0,1,0,0,0,0,0,86,99%,0,0%,0,0%,
124,2021,12/5/21,12,13,30.252,LVR,,WAS,L 15-17,*,28,38,73.68,249,0,0,90.8,2,15,6.55,6.55,2,24,12,0,0,0,0,,0,0.00%,,0,0,0,0,0,0,0,0,59,100%,0,0%,0,0%,
125,2021,12/12/21,13,14,30.259,LVR,@,KAN,L 9-48,*,33,45,73.33,263,1,1,85.7,4,17,5.84,5.29,0,0,,0,0,0,0,,0,0.00%,,0,0,1,1,0,0,0,0,63,100%,0,0%,0,0%,
126,2021,12/20/21,14,15,30.267,LVR,@,CLE,W 16-14,*,25,38,65.79,236,1,1,80.6,2,6,6.21,5.55,3,7,2.33,0,0,0,0,,0,0.00%,,0,0,2,1,0,1,0,0,68,99%,0,0%,0,0%,
127,2021,12/26/21,15,16,30.273,LVR,,DEN,W 17-13,*,20,25,80,201,1,1,96.8,2,19,8.04,7.04,7,5,0.71,0,0,0,0,,0,0.00%,,0,0,1,1,0,0,0,0,69,100%,0,0%,0,0%,
128,2021,1/2/22,16,17,30.28,LVR,@,IND,W 23-20,*,24,31,77.42,255,1,2,84.7,2,14,8.23,5.97,0,0,,0,0,0,0,,0,0.00%,,0,0,0,0,0,0,0,0,61,98%,0,0%,0,0%,
129,2021,1/9/22,17,18,30.287,LVR,,LAC,W 35-32,*,20,36,55.56,186,2,0,88.4,3,18,5.17,6.28,1,-1,-1,0,0,0,0,,0,0.00%,,0,0,1,0,0,0,0,0,75,94%,0,0%,0,0%,
130,2022,9/11/22,1,1,31.167,LVR,@,LAC,L 19-24,*,22,37,59.46,295,2,3,69.1,5,29,7.97,5.41,0,0,,0,0,0,0,,0,0.00%,,0,0,2,0,0,0,0,0,58,100%,0,0%,0,0%,
131,2022,9/18/22,2,2,31.174,LVR,,ARI,L 23-29,*,25,39,64.1,252,2,0,99.5,1,8,6.46,7.49,1,9,9,0,0,0,0,,0,0.00%,,0,0,0,0,0,0,0,0,67,100%,0,0%,0,0%,
132,2022,9/25/22,3,3,31.181,LVR,@,TEN,L 22-24,*,26,44,59.09,303,2,1,85.7,1,7,6.89,6.77,2,17,8.5,0,0,0,0,,0,0.00%,,0,0,0,0,0,0,0,0,70,100%,0,0%,0,0%,
133,2022,10/2/22,4,4,31.188,LVR,,DEN,W 32-23,*,21,34,61.76,188,0,0,76.6,2,15,5.53,5.53,7,40,5.71,0,0,0,0,,0,0.00%,,0,0,0,0,0,0,0,0,75,100%,0,0%,0,0%,
134,2022,10/10/22,5,5,31.196,LVR,@,KAN,L 29-30,*,19,30,63.33,241,2,0,110.6,2,18,8.03,9.37,1,3,3,0,0,0,0,,0,0.00%,,0,0,0,0,0,0,0,0,64,100%,0,0%,0,0%,
135,2022,10/23/22,6,7,31.209,LVR,,HOU,W 38-20,*,21,27,77.78,241,1,0,116.2,1,5,8.93,9.67,3,-1,-0.33,0,0,0,0,,0,0.00%,,0,0,1,0,0,1,0,0,55,98%,0,0%,0,0%,
136,2022,10/30/22,7,8,31.216,LVR,@,NOR,L 0-24,*,15,26,57.69,101,0,1,50.3,3,20,3.88,2.15,1,-1,-1,0,0,0,0,,0,0.00%,,0,0,0,0,0,0,0,0,44,76%,0,0%,0,0%,
137,2022,11/6/22,8,9,31.223,LVR,@,JAX,L 20-27,*,21,36,58.33,259,2,0,99.2,2,11,7.19,8.31,0,0,,0,0,0,0,,0,0.00%,,0,0,0,0,0,0,0,0,59,100%,0,0%,0,0%,
138,2022,11/13/22,9,10,31.23,LVR,,IND,L 20-25,*,24,38,63.16,248,2,0,99.5,2,16,6.53,7.58,0,0,,0,0,0,0,,0,0.00%,,0,0,0,0,0,0,0,0,70,100%,0,0%,0,0%,
139,2022,11/20/22,10,11,31.237,LVR,@,DEN,W 22-16,*,23,37,62.16,307,2,0,106.5,1,9,8.3,9.38,0,0,,0,0,0,0,,0,0.00%,,0,0,0,0,0,0,0,0,66,100%,0,0%,0,0%,
140,2022,11/27/22,11,12,31.244,LVR,@,SEA,W 40-34,*,25,36,69.44,295,3,2,98.7,1,2,8.19,7.36,2,10,5,0,0,0,0,,0,0.00%,,0,0,0,0,0,0,0,0,76,99%,0,0%,0,0%,
141,2022,12/4/22,12,13,31.251,LVR,,LAC,W 27-20,*,16,30,53.33,250,2,1,89.6,0,0,8.33,8.17,0,0,,0,0,0,0,,0,0.00%,,0,0,0,0,0,0,0,0,61,100%,0,0%,0,0%,
142,2022,12/8/22,13,14,31.255,LVR,@,LAR,L 16-17,*,11,20,55,137,0,2,36.9,0,0,6.85,2.35,4,11,2.75,0,0,0,0,,0,0.00%,,0,0,0,0,0,0,0,0,60,100%,0,0%,0,0%,
143,2022,12/18/22,14,15,31.265,LVR,,NWE,W 30-24,*,20,38,52.63,231,3,1,86.6,3,20,6.08,6.47,0,0,,0,0,0,0,,0,0.00%,,0,0,1,0,0,0,0,0,68,100%,0,0%,0,0%,
144,2022,12/24/22,15,16,31.271,LVR,@,PIT,L 10-13,*,16,30,53.33,174,1,3,42.2,3,31,5.8,1.97,3,14,4.67,0,0,0,0,,0,0.00%,,0,0,0,0,0,0,0,0,53,100%,0,0%,0,0%,
145,2022,1/1/23,16,17,,LVR,,SFO,L 34-37,Inactive,,,,,,,,,,,,,,,,,,,,,,,,,,,,,,,,,,,,,
146,2022,1/7/23,17,18,,LVR,,KAN,L 13-31,Inactive,,,,,,,,,,,,,,,,,,,,,,,,,,,,,,,,,,,,,
147,2023,9/10/23,1,1,32.166,NOR,,TEN,W 16-15,*,23,33,69.7,305,1,1,96.1,4,23,9.24,8.48,3,4,1.33,0,0,0,0,,0,0.00%,,0,0,0,0,0,0,0,0,62,95%,0,0%,0,0%,
148,2023,9/18/23,2,2,32.174,NOR,@,CAR,W 20-17,*,21,36,58.33,228,0,1,65.5,4,29,6.33,5.08,3,-4,-1.33,0,0,0,0,,0,0.00%,,0,0,0,0,0,0,0,0,69,90%,0,0%,0,0%,
149,2023,9/24/23,3,3,32.18,NOR,@,GNB,L 17-18,*,13,18,72.22,103,1,0,104.6,3,21,5.72,6.83,0,0,,0,0,0,0,,0,0.00%,,0,0,0,0,0,0,0,0,33,54%,0,0%,0,0%,
150,2023,10/1/23,4,4,32.187,NOR,,TAM,L 9-26,*,23,37,62.16,127,0,0,68.2,2,10,3.43,3.43,2,1,0.5,0,0,0,0,,0,0.00%,,0,0,1,1,0,0,0,0,56,86%,0,0%,0,0%,
151,2023,10/8/23,5,5,32.194,NOR,@,NWE,W 34-0,*,18,26,69.23,183,2,0,114.7,2,15,7.04,8.58,2,4,2,0,0,0,0,,0,0.00%,,0,0,0,0,0,0,0,0,58,81%,0,0%,0,0%,
152,2023,10/15/23,6,6,32.201,NOR,@,HOU,L 13-20,*,32,50,64,353,1,1,83.2,2,16,7.06,6.56,1,2,2,0,0,0,0,,0,0.00%,,0,0,0,0,0,0,0,0,79,96%,0,0%,0,0%,
153,2023,10/19/23,7,7,32.205,NOR,,JAX,L 24-31,*,33,55,60,301,1,1,73.4,1,6,5.47,5.02,3,14,4.67,0,0,0,0,,0,0.00%,,0,0,1,0,0,0,0,0,86,96%,0,0%,0,0%,
154,2023,10/29/23,8,8,32.215,NOR,@,IND,W 38-27,*,19,27,70.37,310,2,0,133.3,1,4,11.48,12.96,1,-1,-1,0,0,0,0,,0,0.00%,,0,0,1,1,0,0,0,0,55,83%,0,0%,0,0%,
155,2023,11/5/23,9,9,32.222,NOR,,CHI,W 24-17,*,25,34,73.53,211,2,0,108.8,0,0,6.21,7.38,3,3,1,0,0,0,0,,0,0.00%,,0,0,0,0,0,0,0,0,52,83%,0,0%,0,0%,
156,2023,11/12/23,10,10,32.229,NOR,@,MIN,L 19-27,*,13,18,72.22,110,0,0,87.7,2,12,6.11,6.11,1,10,10,0,0,0,0,,0,0.00%,,0,0,1,0,0,0,0,0,33,49%,0,0%,0,0%,
157,2023,11/26/23,11,12,32.243,NOR,@,ATL,L 15-24,*,24,38,63.16,304,0,1,77.1,1,8,8,6.82,2,7,3.5,0,0,0,0,,0,0.00%,,0,0,1,0,0,0,0,0,63,88%,0,0%,0,0%,
158,2023,12/3/23,12,13,32.25,NOR,,DET,L 28-33,*,17,22,77.27,226,1,1,105.5,2,18,10.27,9.14,2,-1,-0.5,0,0,0,0,,0,0.00%,,0,0,1,1,0,0,0,0,42,63%,0,0%,0,0%,
,,154 Games,,,,,,,68-86-0,,3462,5352,64.69,37983,228,105,91.6,288,1786,7.1,7.07,301,884,2.94,6,2,1,-9,-9,0,50.00%,-4.5,6,36,86,39,0,20,-102,0,,,,,,,