Rank,Pass Att,Cmp%,Pass YDs,Pass TDs,Int,Sacks,Rush Att,Rush YDs,TDs,Class,H/A_Away,H/A_Home,Opp_ARI,Opp_ATL,Opp_BAL,Opp_BUF,Opp_CAR,Opp_CHI,Opp_CIN,Opp_CLE,Opp_DAL,Opp_DEN,Opp_DET,Opp_GNB,Opp_HOU,Opp_IND,Opp_JAX,Opp_KAN,Opp_LAC,Opp_LAR,Opp_LVR,Opp_MIA,Opp_MIN,Opp_NOR,Opp_NWE,Opp_NYG,Opp_NYJ,Opp_OAK,Opp_PHI,Opp_PIT,Opp_SDG,Opp_SEA,Opp_SFO,Opp_STL,Opp_TAM,Opp_TEN,Opp_WAS,Name_Burrow,Name_Carr,Name_Hurts,Name_Mahomes
13.0,30.0,56.67,167.0,1.0,0.0,0.0,18.0,106.0,0.0,1.0,0,1,0,0,0,0,0,0,0,0,0,0,0,0,0,0,0,0,0,0,0,0,0,1,0,0,0,0,0,0,0,0,0,0,0,0,0,0,0,1,0
14.0,44.0,54.55,338.0,3.0,0.0,6.0,11.0,63.0,1.0,0.0,1,0,1,0,0,0,0,0,0,0,0,0,0,0,0,0,0,0,0,0,0,0,0,0,0,0,0,0,0,0,0,0,0,0,0,0,0,0,0,1,0
15.0,39.0,53.85,342.0,1.0,2.0,3.0,9.0,69.0,0.0,0.0,1,0,0,0,0,0,0,0,0,0,1,0,0,0,0,0,0,0,0,0,0,0,0,0,0,0,0,0,0,0,0,0,0,0,0,0,0,0,0,1,0
16.0,20.0,35.0,72.0,0.0,1.0,1.0,8.0,34.0,2.0,0.0,0,1,0,0,0,0,0,0,0,0,0,0,0,0,0,0,0,0,0,0,0,0,0,0,0,0,0,0,0,0,0,0,0,0,0,0,1,0,0,1,0
17.0,35.0,77.14,264.0,3.0,0.0,1.0,7.0,62.0,0.0,1.0,1,0,0,1,0,0,0,0,0,0,0,0,0,0,0,0,0,0,0,0,0,0,0,0,0,0,0,0,0,0,0,0,0,0,0,0,0,0,0,1,0
18.0,23.0,52.17,190.0,0.0,0.0,2.0,10.0,82.0,1.0,0.0,0,1,0,0,0,0,0,0,0,0,0,0,0,0,0,0,0,0,0,0,0,0,0,0,0,0,0,0,0,0,0,0,1,0,0,0,0,0,0,1,0
19.0,39.0,64.1,326.0,2.0,2.0,2.0,9.0,35.0,0.0,0.0,1,0,0,0,0,0,0,0,0,0,1,0,0,0,0,0,0,0,0,0,0,0,0,0,0,0,0,0,0,0,0,0,0,0,0,0,0,0,0,1,0
20.0,48.0,66.67,387.0,2.0,0.0,3.0,8.0,47.0,0.0,0.0,0,1,0,0,0,0,0,0,0,0,0,0,0,0,0,0,0,1,0,0,0,0,0,0,0,0,0,0,0,0,0,0,0,0,0,0,0,0,0,1,0
21.0,37.0,59.46,198.0,0.0,1.0,2.0,9.0,30.0,2.0,1.0,1,0,0,0,0,0,1,0,0,0,0,0,0,0,0,0,0,0,0,0,0,0,0,0,0,0,0,0,0,0,0,0,0,0,0,0,0,0,0,1,0
22.0,26.0,46.15,115.0,1.0,1.0,2.0,10.0,44.0,2.0,0.0,0,1,0,0,0,0,0,0,0,0,0,0,0,0,0,0,0,0,0,0,0,0,0,0,0,0,0,0,0,0,0,0,0,0,1,0,0,0,0,1,0
23.0,34.0,52.94,236.0,2.0,0.0,2.0,13.0,61.0,0.0,0.0,1,0,0,0,0,0,0,0,0,0,0,0,0,0,0,0,0,0,0,0,1,0,0,0,0,0,0,0,0,0,0,0,0,0,0,0,0,0,0,1,0
24.0,14.0,64.29,103.0,0.0,0.0,0.0,7.0,71.0,0.0,1.0,1,0,0,0,0,0,0,0,0,0,0,0,1,0,0,0,0,0,0,0,0,0,0,0,0,0,0,0,0,0,0,0,0,0,0,0,0,0,0,1,0
25.0,17.0,64.71,162.0,1.0,0.0,1.0,10.0,62.0,0.0,0.0,0,1,0,0,0,0,0,0,0,0,0,0,0,0,0,0,0,0,1,0,0,0,0,0,0,0,0,0,0,0,0,0,0,0,0,0,0,0,0,1,0
26.0,23.0,69.57,178.0,2.0,1.0,2.0,13.0,55.0,0.0,1.0,1,0,0,0,0,0,0,0,0,0,0,1,0,0,0,0,0,0,0,0,0,0,0,0,0,0,0,0,0,0,0,0,0,0,0,0,0,0,0,1,0
27.0,24.0,54.17,147.0,0.0,0.0,3.0,18.0,69.0,3.0,1.0,0,1,0,0,0,0,0,0,0,0,0,0,0,0,0,0,0,0,0,0,0,0,0,1,0,0,0,0,0,0,0,0,0,0,0,0,0,0,0,1,0
28.0,31.0,45.16,129.0,0.0,3.0,1.0,8.0,77.0,0.0,0.0,1,0,0,0,0,0,0,0,0,0,0,0,0,0,0,0,0,0,0,0,0,0,0,0,0,1,0,0,0,0,0,0,0,0,0,0,0,0,0,1,0
30.0,26.0,76.92,296.0,1.0,1.0,3.0,8.0,38.0,2.0,1.0,0,1,0,0,0,0,0,0,0,0,0,0,0,0,0,0,0,0,0,0,0,0,0,0,0,0,0,0,0,0,0,0,0,0,0,0,1,0,0,1,0
31.0,29.0,58.62,199.0,2.0,0.0,1.0,2.0,7.0,0.0,1.0,0,1,0,0,0,0,0,0,0,0,0,0,0,0,0,0,0,0,0,0,0,0,0,0,0,1,0,0,0,0,0,0,0,0,0,0,0,0,0,1,0
32.0,26.0,65.38,214.0,0.0,0.0,1.0,7.0,44.0,0.0,1.0,1,0,0,0,0,0,0,0,0,0,0,0,0,0,0,0,0,0,0,0,0,0,0,0,0,0,0,0,0,0,0,0,0,0,0,0,1,0,0,1,0
34.0,32.0,56.25,243.0,0.0,0.0,1.0,17.0,90.0,1.0,1.0,1,0,0,0,0,0,0,0,0,0,0,0,1,0,0,0,0,0,0,0,0,0,0,0,0,0,0,0,0,0,0,0,0,0,0,0,0,0,0,1,0
35.0,31.0,83.87,333.0,1.0,1.0,3.0,11.0,57.0,2.0,1.0,0,1,0,0,0,0,0,0,0,0,0,0,0,0,0,0,0,0,0,0,0,0,1,0,0,0,0,0,0,0,0,0,0,0,0,0,0,0,0,1,0
36.0,35.0,62.86,340.0,3.0,0.0,3.0,9.0,20.0,0.0,1.0,1,0,0,0,0,0,0,0,0,0,0,0,0,0,0,0,0,0,0,0,0,0,0,0,0,0,0,0,0,0,0,0,0,0,0,0,1,0,0,1,0
37.0,25.0,64.0,204.0,0.0,1.0,2.0,16.0,38.0,1.0,1.0,0,1,0,0,0,0,0,0,0,0,0,0,0,0,0,0,1,0,0,0,0,0,0,0,0,0,0,0,0,0,0,0,0,0,0,0,0,0,0,1,0
38.0,36.0,72.22,239.0,0.0,0.0,2.0,15.0,61.0,2.0,1.0,1,0,1,0,0,0,0,0,0,0,0,0,0,0,0,0,0,0,0,0,0,0,0,0,0,0,0,0,0,0,0,0,0,0,0,0,0,0,0,1,0
39.0,25.0,60.0,155.0,2.0,0.0,4.0,9.0,27.0,0.0,1.0,0,1,0,0,0,0,0,0,0,0,1,0,0,0,0,0,0,0,0,0,0,0,0,0,0,0,0,0,0,0,0,0,0,0,0,0,0,0,0,1,0
40.0,28.0,67.86,285.0,4.0,0.0,3.0,2.0,10.0,0.0,1.0,0,1,0,0,0,0,0,0,0,0,0,0,0,0,0,0,0,0,0,0,0,0,0,0,0,0,0,0,0,1,0,0,0,0,0,0,0,0,0,1,0
41.0,27.0,77.78,243.0,2.0,0.0,4.0,9.0,23.0,0.0,1.0,1,0,0,0,0,0,0,0,0,0,0,0,0,0,1,0,0,0,0,0,0,0,0,0,0,0,0,0,0,0,0,0,0,0,0,0,0,0,0,1,0
42.0,26.0,65.38,175.0,2.0,1.0,1.0,6.0,28.0,1.0,0.0,0,1,0,0,0,0,0,0,0,0,0,0,0,0,0,0,0,0,0,0,0,0,0,0,0,0,0,0,0,0,0,0,0,0,0,0,1,0,0,1,0
43.0,25.0,72.0,190.0,1.0,0.0,3.0,16.0,86.0,1.0,1.0,1,0,0,0,0,0,0,0,0,0,0,0,0,0,0,1,0,0,0,0,0,0,0,0,0,0,0,0,0,0,0,0,0,0,0,0,0,0,0,1,0
44.0,28.0,57.14,153.0,2.0,0.0,2.0,17.0,157.0,0.0,1.0,0,1,0,0,0,0,0,0,0,0,0,0,0,1,0,0,0,0,0,0,0,0,0,0,0,0,0,0,0,0,0,0,0,0,0,0,0,0,0,1,0
45.0,39.0,74.36,380.0,3.0,0.0,2.0,5.0,12.0,1.0,1.0,0,1,0,0,0,0,0,0,0,0,0,0,0,0,0,0,0,0,0,0,0,0,0,0,0,0,0,0,0,0,0,0,0,0,0,1,0,0,0,1,0
46.0,31.0,67.74,217.0,2.0,0.0,4.0,7.0,77.0,1.0,1.0,1,0,0,0,0,0,0,0,0,0,0,0,0,0,0,0,0,0,0,0,0,0,0,0,0,1,0,0,0,0,0,0,0,0,0,0,0,0,0,1,0
47.0,37.0,59.46,315.0,0.0,2.0,1.0,17.0,61.0,3.0,1.0,1,0,0,0,0,0,0,1,0,0,0,0,0,0,0,0,0,0,0,0,0,0,0,0,0,0,0,0,0,0,0,0,0,0,0,0,0,0,0,1,0
50.0,35.0,57.14,229.0,0.0,1.0,3.0,9.0,13.0,0.0,1.0,0,1,0,0,0,0,0,0,0,0,0,0,0,0,0,0,0,0,0,0,0,0,0,0,0,1,0,0,0,0,0,0,0,0,0,0,0,0,0,1,0
51.0,33.0,66.67,170.0,1.0,0.0,3.0,9.0,37.0,0.0,1.0,1,0,0,0,0,0,0,0,0,0,0,0,0,0,0,0,0,0,0,0,0,0,0,0,1,0,0,0,0,0,0,0,0,0,0,0,0,0,0,1,0
52.0,23.0,78.26,193.0,1.0,1.0,4.0,12.0,35.0,2.0,1.0,0,1,0,0,0,0,0,0,0,0,0,0,0,0,0,0,0,0,0,0,0,0,1,0,0,0,0,0,0,0,0,0,0,0,0,0,0,0,0,1,0
53.0,37.0,62.16,277.0,1.0,2.0,1.0,10.0,28.0,1.0,1.0,1,0,0,0,0,0,0,0,0,0,0,0,0,0,0,0,0,0,0,0,0,0,0,0,0,0,0,0,0,0,0,0,0,0,1,0,0,0,0,1,0
54.0,37.0,67.57,319.0,2.0,0.0,3.0,9.0,34.0,0.0,1.0,0,1,0,0,0,0,0,0,0,0,0,0,0,0,0,0,0,0,0,0,0,0,0,0,0,0,0,0,0,0,0,0,0,0,0,0,1,0,0,1,0
55.0,38.0,65.79,303.0,1.0,1.0,1.0,15.0,72.0,1.0,1.0,1,0,0,0,0,0,0,0,0,0,0,0,0,0,0,0,0,0,0,1,0,0,0,0,0,0,0,0,0,0,0,0,0,0,0,0,0,0,0,1,0
56.0,45.0,62.22,280.0,1.0,3.0,2.0,8.0,47.0,1.0,0.0,1,0,0,0,0,0,0,0,0,0,0,0,0,0,0,0,0,0,0,0,0,0,0,0,0,0,1,0,0,0,0,0,0,0,0,0,0,0,0,1,0
57.0,31.0,74.19,279.0,2.0,1.0,3.0,11.0,21.0,1.0,1.0,0,1,0,0,0,0,0,0,0,0,0,0,0,0,0,0,0,0,0,0,0,1,0,0,0,0,0,0,0,0,0,0,0,0,0,0,0,0,0,1,0
58.0,38.0,76.32,319.0,4.0,0.0,2.0,4.0,6.0,0.0,1.0,1,0,0,0,0,0,0,0,0,0,0,0,0,0,0,0,0,0,0,0,0,0,0,0,0,0,0,0,0,0,0,0,0,0,0,0,1,0,0,1,0
59.0,23.0,73.91,207.0,2.0,0.0,3.0,10.0,36.0,1.0,1.0,0,1,0,0,0,0,0,0,0,0,1,0,0,0,0,0,0,0,0,0,0,0,0,0,0,0,0,0,0,0,0,0,0,0,0,0,0,0,0,1,0
60.0,22.0,63.64,150.0,0.0,1.0,5.0,12.0,29.0,2.0,1.0,1,0,0,0,0,0,0,0,0,0,0,0,0,0,0,0,0,1,0,0,0,0,0,0,0,0,0,0,0,0,0,0,0,0,0,0,0,0,0,1,0
61.0,31.0,58.06,200.0,3.0,1.0,2.0,14.0,65.0,2.0,1.0,0,1,0,0,0,1,0,0,0,0,0,0,0,0,0,0,0,0,0,0,0,0,0,0,0,0,0,0,0,0,0,0,0,0,0,0,0,0,0,1,0
62.0,45.0,57.78,298.0,1.0,0.0,3.0,7.0,20.0,1.0,0.0,0,1,0,0,0,0,0,0,0,0,0,0,0,0,0,0,0,0,0,0,0,0,0,0,0,0,0,0,0,0,0,0,1,0,0,0,0,0,0,1,0
16.0,35.0,62.86,284.0,0.0,1.0,2.0,7.0,10.0,0.0,1.0,1,0,0,0,0,0,0,0,0,0,0,1,0,0,0,0,0,0,0,0,0,0,0,0,0,0,0,0,0,0,0,0,0,0,0,0,0,0,0,0,1
17.0,27.0,55.56,256.0,4.0,0.0,1.0,5.0,21.0,0.0,1.0,1,0,0,0,0,0,0,0,0,0,0,0,0,0,0,0,0,0,1,0,0,0,0,0,0,0,0,0,0,0,0,0,0,0,0,0,0,0,0,0,1
18.0,28.0,82.14,326.0,6.0,0.0,1.0,5.0,18.0,0.0,1.0,1,0,0,0,0,0,0,0,0,0,0,0,0,0,0,0,0,0,0,0,0,0,0,0,0,0,0,0,0,1,0,0,0,0,0,0,0,0,0,0,1
19.0,38.0,63.16,314.0,3.0,0.0,2.0,5.0,7.0,0.0,1.0,0,1,0,0,0,0,0,0,0,0,0,0,0,0,0,0,0,0,0,0,0,0,0,0,0,0,0,0,0,0,0,0,1,0,0,0,0,0,0,0,1
20.0,45.0,62.22,304.0,1.0,0.0,1.0,3.0,7.0,1.0,1.0,1,0,0,0,0,0,0,0,0,0,0,1,0,0,0,0,0,0,0,0,0,0,0,0,0,0,0,0,0,0,0,0,0,0,0,0,0,0,0,0,1
21.0,38.0,57.89,313.0,0.0,2.0,1.0,4.0,13.0,1.0,1.0,0,1,0,0,0,0,0,0,0,0,0,0,0,0,0,0,1,0,0,0,0,0,0,0,0,0,0,0,0,0,0,0,0,0,0,0,0,0,0,0,1
22.0,36.0,63.89,352.0,4.0,2.0,0.0,2.0,9.0,0.0,0.0,1,0,0,0,0,0,0,0,0,0,0,0,0,0,0,0,0,0,0,0,0,0,0,0,1,0,0,0,0,0,0,0,0,0,0,0,0,0,0,0,1
23.0,39.0,71.79,358.0,4.0,1.0,2.0,4.0,45.0,0.0,1.0,0,1,0,0,0,0,0,0,1,0,0,0,0,0,0,0,0,0,0,0,0,0,0,0,0,0,0,0,0,0,0,0,0,0,0,0,0,0,0,0,1
24.0,34.0,70.59,303.0,4.0,1.0,2.0,2.0,-1.0,0.0,1.0,0,1,0,0,0,0,0,0,0,0,0,1,0,0,0,0,0,0,0,0,0,0,0,0,0,0,0,0,0,0,0,0,0,0,0,0,0,0,0,0,1
25.0,32.0,71.88,375.0,3.0,1.0,2.0,2.0,18.0,0.0,1.0,1,0,0,0,0,0,0,0,0,1,0,0,0,0,0,0,0,0,0,0,0,0,0,0,0,0,0,0,0,0,0,0,0,0,0,0,0,0,0,0,1
26.0,28.0,75.0,249.0,2.0,0.0,5.0,4.0,21.0,0.0,1.0,0,1,1,0,0,0,0,0,0,0,0,0,0,0,0,0,0,0,0,0,0,0,0,0,0,0,0,0,0,0,0,0,0,0,0,0,0,0,0,0,1
27.0,46.0,71.74,478.0,6.0,3.0,3.0,6.0,28.0,0.0,0.0,1,0,0,0,0,0,0,0,0,0,0,0,0,0,0,0,0,0,0,1,0,0,0,0,0,0,0,0,0,0,0,0,0,0,0,0,0,0,0,0,1
28.0,38.0,60.53,295.0,4.0,0.0,0.0,9.0,52.0,0.0,1.0,1,0,0,0,0,0,0,0,0,0,0,0,0,0,0,0,0,0,0,0,0,0,0,0,0,0,0,1,0,0,0,0,0,0,0,0,0,0,0,0,1
29.0,53.0,66.04,377.0,2.0,1.0,3.0,2.0,-3.0,0.0,1.0,0,1,0,0,1,0,0,0,0,0,0,0,0,0,0,0,0,0,0,0,0,0,0,0,0,0,0,0,0,0,0,0,0,0,0,0,0,0,0,0,1
30.0,34.0,70.59,243.0,2.0,0.0,2.0,2.0,3.0,0.0,0.0,0,1,0,0,0,0,0,0,0,0,0,0,0,0,0,0,0,0,1,0,0,0,0,0,0,0,0,0,0,0,0,0,0,0,0,0,0,0,0,0,1
31.0,40.0,57.5,273.0,3.0,0.0,1.0,3.0,33.0,0.0,0.0,1,0,0,0,0,0,0,0,0,0,0,0,0,0,0,0,0,0,0,0,0,0,0,0,0,0,0,0,0,0,0,1,0,0,0,0,0,0,0,0,1
32.0,24.0,58.33,281.0,2.0,1.0,0.0,2.0,1.0,0.0,1.0,0,1,0,0,0,0,0,0,0,0,0,0,0,0,0,0,0,0,0,0,0,0,0,0,0,0,0,1,0,0,0,0,0,0,0,0,0,0,0,0,1
33.0,33.0,75.76,378.0,3.0,0.0,0.0,1.0,2.0,0.0,1.0,1,0,0,0,0,0,0,0,0,0,0,0,0,0,0,0,1,0,0,0,0,0,0,0,0,0,0,0,0,0,0,0,0,0,0,0,0,0,0,0,1
34.0,44.0,68.18,443.0,4.0,0.0,2.0,1.0,-1.0,0.0,1.0,1,0,0,0,0,0,0,0,0,0,0,0,0,0,0,0,0,0,0,0,0,0,0,0,0,0,0,1,0,0,0,0,0,0,0,0,0,0,0,0,1
35.0,37.0,72.97,374.0,3.0,0.0,1.0,4.0,9.0,0.0,1.0,0,1,0,0,1,0,0,0,0,0,0,0,0,0,0,0,0,0,0,0,0,0,0,0,0,0,0,0,0,0,0,0,0,0,0,0,0,0,0,0,1
36.0,42.0,57.14,315.0,0.0,0.0,0.0,6.0,54.0,0.0,1.0,1,0,0,0,0,0,0,0,0,0,0,0,1,0,0,0,0,0,0,0,0,0,0,0,0,0,0,0,0,0,0,0,0,0,0,0,0,0,0,0,1
37.0,39.0,56.41,321.0,1.0,0.0,4.0,3.0,17.0,0.0,0.0,0,1,0,0,0,0,0,0,0,0,0,0,0,0,0,1,0,0,0,0,0,0,0,0,0,0,0,0,0,0,0,0,0,0,0,0,0,0,0,0,1
38.0,35.0,54.29,273.0,3.0,1.0,1.0,1.0,-1.0,0.0,0.0,0,1,0,0,0,0,0,0,0,0,0,0,0,0,1,0,0,0,0,0,0,0,0,0,0,0,0,0,0,0,0,0,0,0,0,0,0,0,0,0,1
39.0,11.0,90.91,76.0,1.0,0.0,0.0,1.0,2.0,0.0,1.0,1,0,0,0,0,0,0,0,0,0,0,1,0,0,0,0,0,0,0,0,0,0,0,0,0,0,0,0,0,0,0,0,0,0,0,0,0,0,0,0,1
42.0,50.0,72.0,446.0,3.0,0.0,2.0,0.0,0.0,0.0,0.0,1,0,0,0,0,0,0,0,0,0,0,0,0,0,0,0,0,0,0,0,0,0,0,0,0,0,0,0,0,0,0,0,0,0,0,1,0,0,0,0,1
43.0,32.0,59.38,182.0,1.0,1.0,1.0,5.0,59.0,0.0,1.0,1,0,0,0,0,0,0,0,0,0,0,0,0,0,0,0,0,0,1,0,0,0,0,0,0,0,0,0,0,0,0,0,0,0,0,0,0,0,0,0,1
44.0,29.0,51.72,175.0,1.0,0.0,1.0,3.0,25.0,1.0,1.0,0,1,0,0,0,0,0,0,0,0,0,0,0,0,0,0,0,0,0,0,0,0,0,0,0,0,0,1,0,0,0,0,0,0,0,0,0,0,0,0,1
45.0,40.0,65.0,283.0,1.0,1.0,1.0,6.0,6.0,0.0,1.0,1,0,0,0,0,0,0,0,0,0,0,0,0,0,0,0,0,0,0,0,0,0,0,0,1,0,0,0,0,0,0,0,0,0,0,0,0,0,0,0,1
46.0,34.0,79.41,340.0,2.0,1.0,3.0,3.0,11.0,0.0,1.0,0,1,0,0,0,0,0,0,0,0,0,1,0,0,0,0,0,0,0,0,0,0,0,0,0,0,0,0,0,0,0,0,0,0,0,0,0,0,0,0,1
47.0,33.0,69.7,251.0,2.0,0.0,1.0,2.0,14.0,1.0,1.0,1,0,0,0,0,0,0,1,0,0,0,0,0,0,0,0,0,0,0,0,0,0,0,0,0,0,0,0,0,0,0,0,0,0,0,0,0,0,0,0,1
48.0,25.0,64.0,174.0,1.0,1.0,0.0,7.0,21.0,0.0,1.0,0,1,0,0,0,0,0,0,0,0,0,0,0,0,0,0,0,0,1,0,0,0,0,0,0,0,0,0,0,0,0,0,0,0,0,0,0,0,0,0,1
49.0,32.0,75.0,211.0,3.0,0.0,1.0,0.0,0.0,0.0,1.0,0,1,0,0,0,0,0,0,0,0,0,0,0,0,1,0,0,0,0,0,0,0,0,0,0,0,0,0,0,0,0,0,0,0,0,0,0,0,0,0,1
50.0,47.0,57.45,302.0,2.0,0.0,1.0,6.0,54.0,0.0,1.0,1,0,0,0,0,0,0,0,0,0,0,0,0,0,0,0,0,0,1,0,0,0,0,0,0,0,0,0,0,0,0,0,0,0,0,0,0,0,0,0,1
51.0,42.0,73.81,385.0,4.0,0.0,0.0,4.0,26.0,1.0,1.0,1,0,0,0,1,0,0,0,0,0,0,0,0,0,0,0,0,0,0,0,0,0,0,0,0,0,0,0,0,0,0,0,0,0,0,0,0,0,0,0,1
52.0,29.0,65.52,236.0,2.0,0.0,1.0,8.0,28.0,0.0,1.0,0,1,0,0,0,0,0,0,0,0,0,0,0,0,0,0,0,0,0,0,0,0,0,0,1,0,0,0,0,0,0,0,0,0,0,0,0,0,0,0,1
53.0,43.0,51.16,340.0,2.0,1.0,3.0,6.0,21.0,1.0,0.0,0,1,0,0,0,0,0,0,0,0,0,0,0,0,0,0,0,0,0,0,1,0,0,0,0,0,0,0,0,0,0,0,0,0,0,0,0,0,0,0,1
54.0,26.0,80.77,225.0,2.0,0.0,1.0,10.0,36.0,0.0,1.0,1,0,0,0,0,1,0,0,0,0,0,0,0,0,0,0,0,0,0,0,0,0,0,0,0,0,0,0,0,0,0,0,0,0,0,0,0,0,0,0,1
55.0,23.0,65.22,200.0,1.0,0.0,3.0,0.0,0.0,0.0,1.0,1,0,0,0,0,0,0,0,0,0,0,1,0,0,0,0,0,0,0,0,0,0,0,0,0,0,0,0,0,0,0,0,0,0,0,0,0,0,0,0,1
56.0,42.0,73.81,416.0,5.0,0.0,0.0,0.0,0.0,0.0,1.0,0,1,0,0,0,0,0,0,0,0,0,0,0,0,0,0,0,0,0,0,0,0,0,0,0,0,1,0,0,0,0,0,0,0,0,0,0,0,0,0,1
57.0,45.0,66.67,372.0,4.0,0.0,2.0,1.0,6.0,0.0,1.0,0,1,0,0,0,0,1,0,0,0,0,0,0,0,0,0,0,0,0,0,0,0,0,0,0,0,0,0,0,0,0,0,0,0,0,0,0,0,0,0,1
58.0,45.0,75.56,348.0,2.0,1.0,0.0,4.0,16.0,0.0,1.0,1,0,0,0,0,0,0,0,0,0,0,0,0,0,0,0,0,0,0,0,1,0,0,0,0,0,0,0,0,0,0,0,0,0,0,0,0,0,0,0,1
59.0,49.0,75.51,462.0,3.0,0.0,2.0,4.0,28.0,0.0,1.0,1,0,0,0,0,0,0,0,0,0,0,0,0,0,0,0,0,0,0,0,0,0,0,0,0,0,0,0,0,0,0,0,0,0,1,0,0,0,0,0,1
60.0,40.0,62.5,318.0,1.0,0.0,1.0,4.0,26.0,0.0,1.0,0,1,0,0,0,0,0,0,0,0,0,1,0,0,0,0,0,0,0,0,0,0,0,0,0,0,0,0,0,0,0,0,0,0,0,0,0,0,0,0,1
61.0,34.0,70.59,393.0,2.0,3.0,3.0,5.0,9.0,0.0,1.0,1,0,0,0,0,0,0,0,0,0,0,0,0,0,0,0,0,0,0,0,0,1,0,0,0,0,0,0,0,0,0,0,0,0,0,0,0,0,0,0,1
62.0,47.0,55.32,254.0,3.0,0.0,4.0,7.0,37.0,0.0,1.0,1,0,0,0,0,0,0,0,0,0,0,0,0,0,0,0,0,0,0,0,0,0,0,1,0,0,0,0,0,0,0,0,0,0,0,0,0,0,0,0,1
63.0,44.0,54.55,278.0,2.0,1.0,0.0,3.0,21.0,0.0,1.0,0,1,0,1,0,0,0,0,0,0,0,0,0,0,0,0,0,0,0,0,0,0,0,0,0,0,0,0,0,0,0,0,0,0,0,0,0,0,0,0,1
65.0,36.0,75.0,337.0,3.0,0.0,2.0,5.0,18.0,1.0,1.0,0,1,0,0,0,0,0,0,0,1,0,0,0,0,0,0,0,0,0,0,0,0,0,0,0,0,0,0,0,0,0,0,0,0,0,0,0,0,0,0,1
66.0,31.0,77.42,343.0,3.0,1.0,0.0,1.0,3.0,0.0,0.0,1,0,0,0,1,0,0,0,0,0,0,0,0,0,0,0,0,0,0,0,0,0,0,0,0,0,0,0,0,0,0,0,0,0,0,0,0,0,0,0,1
67.0,44.0,61.36,260.0,3.0,2.0,2.0,4.0,45.0,0.0,0.0,0,1,0,0,0,0,0,0,0,0,0,0,0,0,0,0,0,0,1,0,0,0,0,0,0,0,0,0,0,0,0,0,0,0,0,0,0,0,0,0,1
68.0,30.0,80.0,278.0,5.0,1.0,1.0,5.0,26.0,0.0,1.0,1,0,0,0,0,0,0,0,0,0,0,0,0,0,0,0,0,0,0,0,0,0,0,0,0,0,0,0,1,0,0,0,0,0,0,0,0,0,0,0,1
69.0,54.0,61.11,272.0,2.0,2.0,2.0,8.0,61.0,0.0,0.0,0,1,0,0,0,1,0,0,0,0,0,0,0,0,0,0,0,0,0,0,0,0,0,0,0,0,0,0,0,0,0,0,0,0,0,0,0,0,0,0,1
70.0,47.0,68.09,397.0,2.0,2.0,3.0,3.0,31.0,0.0,1.0,1,0,0,0,0,0,0,0,0,0,0,0,0,0,0,0,0,0,0,0,0,0,0,0,0,0,0,0,0,0,0,0,0,0,0,0,1,0,0,0,1
71.0,35.0,57.14,206.0,0.0,1.0,4.0,6.0,35.0,0.0,0.0,1,0,0,0,0,0,0,0,0,0,0,0,0,0,0,0,0,0,0,0,0,0,0,0,0,0,0,0,0,0,0,0,0,0,0,1,0,0,0,0,1
72.0,48.0,60.42,275.0,1.0,1.0,2.0,3.0,10.0,0.0,1.0,0,1,0,0,0,0,0,0,0,0,0,0,0,0,0,0,0,0,0,0,0,0,0,0,0,1,0,0,0,0,0,0,0,0,0,0,0,0,0,0,1
73.0,37.0,54.05,166.0,1.0,0.0,1.0,2.0,-2.0,0.0,1.0,0,1,0,0,0,0,0,0,0,0,0,0,0,1,0,0,0,0,0,0,0,0,0,0,0,0,0,0,0,0,0,0,0,0,0,0,0,0,0,0,1
74.0,50.0,70.0,406.0,5.0,0.0,0.0,0.0,0.0,0.0,1.0,1,0,0,0,0,0,0,0,0,0,0,0,0,0,0,0,0,0,0,0,1,0,0,0,0,0,0,0,0,0,0,0,0,0,0,0,0,0,0,0,1
75.0,37.0,62.16,260.0,0.0,1.0,3.0,7.0,11.0,0.0,1.0,0,1,0,0,0,0,0,0,0,0,1,0,0,0,0,0,0,0,0,0,0,0,0,0,0,0,0,0,0,0,0,0,0,0,0,0,0,0,0,0,1
76.0,29.0,51.72,184.0,0.0,1.0,1.0,4.0,12.0,1.0,1.0,0,1,0,0,0,0,0,0,0,0,0,1,0,0,0,0,0,0,0,0,0,0,0,0,0,0,0,0,0,0,0,0,0,0,0,0,0,0,0,0,1
77.0,24.0,83.33,258.0,2.0,0.0,3.0,4.0,20.0,0.0,1.0,0,1,0,0,0,0,0,0,0,0,0,0,0,0,0,0,0,0,0,0,1,0,0,0,0,0,0,0,0,0,0,0,0,0,0,0,0,0,0,0,1
78.0,47.0,65.96,410.0,3.0,1.0,1.0,3.0,32.0,0.0,1.0,1,0,0,0,0,0,0,0,0,0,0,0,0,0,0,0,0,0,1,0,0,0,0,0,0,0,0,0,0,0,0,0,0,0,0,0,0,0,0,0,1
79.0,30.0,76.67,258.0,3.0,0.0,2.0,0.0,0.0,0.0,1.0,0,1,0,0,0,0,0,0,0,0,0,0,0,0,0,0,0,0,0,0,0,0,0,0,0,0,0,0,0,1,0,0,0,0,0,0,0,0,0,0,1
80.0,35.0,74.29,259.0,2.0,0.0,0.0,2.0,25.0,0.0,0.0,1,0,0,0,0,0,0,0,1,0,0,0,0,0,0,0,0,0,0,0,0,0,0,0,0,0,0,0,0,0,0,0,0,0,0,0,0,0,0,0,1
81.0,44.0,61.36,270.0,2.0,0.0,1.0,9.0,54.0,0.0,1.0,1,0,0,0,0,0,0,0,0,0,0,1,0,0,0,0,0,0,0,0,0,0,0,0,0,0,0,0,0,0,0,0,0,0,0,0,0,0,0,0,1
82.0,39.0,76.92,360.0,5.0,0.0,0.0,3.0,5.0,0.0,1.0,1,0,1,0,0,0,0,0,0,0,0,0,0,0,0,0,0,0,0,0,0,0,0,0,0,0,0,0,0,0,0,0,0,0,0,0,0,0,0,0,1
83.0,35.0,68.57,235.0,2.0,0.0,1.0,2.0,-1.0,0.0,1.0,0,1,0,0,0,0,0,0,0,0,0,0,0,0,0,0,0,0,1,0,0,0,0,0,0,0,0,0,0,0,0,0,0,0,0,0,0,0,0,0,1
84.0,35.0,57.14,262.0,1.0,1.0,1.0,4.0,26.0,0.0,0.0,1,0,0,0,0,0,0,0,0,0,0,0,0,0,0,1,0,0,0,0,0,0,0,0,0,0,0,0,0,0,0,0,0,0,0,0,0,0,0,0,1
85.0,37.0,62.16,249.0,3.0,1.0,3.0,4.0,34.0,0.0,1.0,1,0,0,0,0,0,0,0,0,0,0,0,0,0,0,0,0,0,0,0,0,0,0,0,0,0,0,0,0,0,0,0,0,0,1,0,0,0,0,0,1
86.0,43.0,67.44,292.0,4.0,0.0,3.0,4.0,28.0,0.0,1.0,0,1,0,0,0,0,0,0,0,0,0,0,0,0,0,0,0,0,0,0,1,0,0,0,0,0,0,0,0,0,0,0,0,0,0,0,0,0,0,0,1
87.0,40.0,62.5,338.0,2.0,2.0,3.0,4.0,21.0,0.0,0.0,0,1,0,0,0,1,0,0,0,0,0,0,0,0,0,0,0,0,0,0,0,0,0,0,0,0,0,0,0,0,0,0,0,0,0,0,0,0,0,0,1
88.0,34.0,73.53,423.0,3.0,1.0,1.0,0.0,0.0,0.0,1.0,1,0,0,0,0,0,0,0,0,0,0,0,0,0,0,0,0,0,0,0,0,0,0,0,0,0,0,0,0,0,0,0,1,0,0,0,0,0,0,0,1
89.0,68.0,63.24,446.0,1.0,1.0,4.0,6.0,63.0,1.0,1.0,0,1,0,0,0,0,0,0,0,0,0,0,0,0,0,0,0,0,0,0,0,0,0,0,0,0,0,0,0,0,0,0,0,0,0,1,0,0,0,0,1
90.0,35.0,74.29,331.0,4.0,1.0,0.0,7.0,39.0,0.0,1.0,0,1,0,0,0,0,0,0,0,0,0,0,0,0,0,0,1,0,0,0,0,0,0,0,0,0,0,0,0,0,0,0,0,0,0,0,0,0,0,0,1
91.0,34.0,58.82,329.0,3.0,0.0,1.0,4.0,23.0,0.0,1.0,1,0,0,0,0,0,0,0,0,0,0,0,0,0,0,0,0,0,1,0,0,0,0,0,0,0,0,0,0,0,0,0,0,0,0,0,0,0,0,0,1
92.0,42.0,64.29,320.0,1.0,1.0,0.0,4.0,36.0,0.0,1.0,0,1,0,0,0,0,0,0,0,0,0,0,0,0,0,0,0,0,0,1,0,0,0,0,0,0,0,0,0,0,0,0,0,0,0,0,0,0,0,0,1
93.0,27.0,59.26,223.0,1.0,0.0,2.0,2.0,9.0,1.0,0.0,1,0,0,0,0,0,0,0,1,0,0,0,0,0,0,0,0,0,0,0,0,0,0,0,0,0,0,0,0,0,0,0,0,0,0,0,0,0,0,0,1
94.0,42.0,66.67,352.0,3.0,3.0,2.0,3.0,-3.0,0.0,1.0,1,0,0,0,0,0,0,0,0,0,0,1,0,0,0,0,0,0,0,0,0,0,0,0,0,0,0,0,0,0,0,0,0,0,0,0,0,0,0,0,1
95.0,41.0,87.8,336.0,2.0,0.0,2.0,5.0,33.0,1.0,1.0,1,0,0,0,0,0,0,0,0,0,0,0,0,0,1,0,0,0,0,0,0,0,0,0,0,0,0,0,0,0,0,0,0,0,0,0,0,0,0,0,1
96.0,28.0,57.14,224.0,2.0,0.0,1.0,2.0,8.0,1.0,1.0,0,1,0,0,0,0,0,0,0,0,0,0,0,0,0,0,0,0,0,0,0,0,0,0,0,0,0,0,0,0,0,1,0,0,0,0,0,0,0,0,1
97.0,42.0,69.05,328.0,3.0,1.0,0.0,4.0,8.0,0.0,1.0,0,1,0,0,0,0,0,0,0,0,0,1,0,0,0,0,0,0,0,0,0,0,0,0,0,0,0,0,0,0,0,0,0,0,0,0,0,0,0,0,1
98.0,26.0,69.23,202.0,1.0,0.0,2.0,3.0,29.0,0.0,1.0,1,0,0,0,0,0,0,0,0,0,0,0,0,0,0,0,0,0,0,0,1,0,0,0,0,0,0,0,0,0,0,0,0,0,0,0,0,0,0,0,1
99.0,39.0,53.85,226.0,2.0,1.0,0.0,6.0,45.0,0.0,0.0,0,1,0,0,0,0,0,0,0,0,0,0,1,0,0,0,0,0,0,0,0,0,0,0,0,0,0,0,0,0,0,0,0,0,0,0,0,0,0,0,1
100.0,41.0,70.73,305.0,2.0,1.0,1.0,7.0,30.0,0.0,1.0,1,0,0,0,0,0,0,0,0,0,0,0,0,0,0,0,1,0,0,0,0,0,0,0,0,0,0,0,0,0,0,0,0,0,0,0,0,0,0,0,1
101.0,33.0,72.73,272.0,3.0,0.0,0.0,3.0,28.0,0.0,1.0,0,1,0,0,0,0,0,1,0,0,0,0,0,0,0,0,0,0,0,0,0,0,0,0,0,0,0,0,0,0,0,0,0,0,0,0,0,0,0,0,1
102.0,30.0,60.0,203.0,1.0,2.0,1.0,7.0,51.0,0.0,1.0,1,0,0,0,0,0,0,0,0,0,0,0,0,0,0,0,0,0,0,0,0,0,0,0,0,0,1,0,0,0,0,0,0,0,0,0,0,0,0,0,1
103.0,41.0,75.61,281.0,2.0,0.0,2.0,0.0,0.0,0.0,1.0,1,0,0,0,0,0,0,0,0,0,0,0,0,0,0,0,0,0,0,0,0,0,1,0,0,0,0,0,0,0,0,0,0,0,0,0,0,0,0,0,1
104.0,40.0,75.0,306.0,1.0,1.0,2.0,6.0,31.0,0.0,1.0,0,1,0,0,0,0,0,0,0,0,0,1,0,0,0,0,0,0,0,0,0,0,0,0,0,0,0,0,0,0,0,0,0,0,0,0,0,0,0,0,1
105.0,42.0,76.19,424.0,4.0,1.0,1.0,4.0,29.0,0.0,1.0,0,1,0,0,0,0,0,0,0,0,0,0,0,0,0,0,0,0,1,0,0,0,0,0,0,0,0,0,0,0,0,0,0,0,0,0,0,0,0,0,1
106.0,38.0,63.16,240.0,0.0,2.0,3.0,3.0,20.0,0.0,0.0,1,0,0,0,0,0,0,0,0,0,0,1,0,0,0,0,0,0,0,0,0,0,0,0,0,0,0,0,0,0,0,0,0,0,0,0,0,0,0,0,1
107.0,30.0,66.67,185.0,2.0,0.0,2.0,6.0,24.0,0.0,1.0,0,1,0,0,0,0,0,0,0,0,0,0,0,0,0,0,0,0,0,0,0,1,0,0,0,0,0,0,0,0,0,0,0,0,0,0,0,0,0,0,1
108.0,43.0,55.81,177.0,2.0,1.0,1.0,6.0,38.0,0.0,0.0,0,1,0,0,0,0,0,0,0,0,0,0,0,0,0,0,0,0,0,0,0,0,0,0,0,0,0,0,1,0,0,0,0,0,0,0,0,0,0,0,1
109.0,34.0,79.41,298.0,2.0,0.0,1.0,5.0,9.0,0.0,1.0,1,0,0,0,0,0,0,0,0,0,0,0,0,0,0,0,0,0,0,0,1,0,0,0,0,0,0,0,0,0,0,0,0,0,0,0,0,0,0,0,1
110.0,33.0,63.64,210.0,1.0,1.0,3.0,4.0,26.0,0.0,0.0,1,0,0,0,0,0,0,0,0,0,0,0,0,1,0,0,0,0,0,0,0,0,0,0,0,0,0,0,0,0,0,0,0,0,0,0,0,0,0,0,1
1.0,36.0,63.89,193.0,0.0,1.0,3.0,8.0,46.0,1.0,0.0,0,1,0,0,0,0,0,0,0,0,0,0,0,0,0,0,0,0,1,0,0,0,0,0,0,0,0,0,0,0,0,0,0,0,0,0,0,1,0,0,0
2.0,61.0,60.66,316.0,3.0,0.0,3.0,7.0,19.0,0.0,0.0,1,0,0,0,0,0,0,0,0,1,0,0,0,0,0,0,0,0,0,0,0,0,0,0,0,0,0,0,0,0,0,0,0,0,0,0,0,1,0,0,0
3.0,44.0,70.45,312.0,2.0,0.0,8.0,1.0,-1.0,0.0,0.5,1,0,0,0,0,0,0,0,0,0,0,0,0,0,0,0,0,0,0,0,0,0,0,0,0,0,0,0,1,0,0,0,0,0,0,0,0,1,0,0,0
4.0,36.0,69.44,300.0,1.0,1.0,1.0,4.0,11.0,0.0,1.0,0,1,0,0,0,0,0,0,0,0,0,0,0,0,0,0,1,0,0,0,0,0,0,0,0,0,0,0,0,0,0,0,0,0,0,0,0,1,0,0,0
5.0,30.0,63.33,183.0,0.0,1.0,7.0,3.0,10.0,0.0,0.0,1,0,0,0,1,0,0,0,0,0,0,0,0,0,0,0,0,0,0,0,0,0,0,0,0,0,0,0,0,0,0,0,0,0,0,0,0,1,0,0,0
6.0,39.0,64.1,313.0,0.0,1.0,2.0,3.0,2.0,1.0,0.0,1,0,0,0,0,0,0,0,0,0,0,0,0,0,0,1,0,0,0,0,0,0,0,0,0,0,0,0,0,0,0,0,0,0,0,0,0,1,0,0,0
7.0,47.0,74.47,406.0,3.0,1.0,4.0,6.0,34.0,1.0,0.0,0,1,0,0,0,0,0,0,0,1,0,0,0,0,0,0,0,0,0,0,0,0,0,0,0,0,0,0,0,0,0,0,0,0,0,0,0,1,0,0,0
8.0,37.0,70.27,249.0,2.0,0.0,0.0,3.0,9.0,0.0,1.0,0,1,0,0,0,0,0,0,0,0,0,0,0,0,0,0,0,0,0,0,0,0,0,0,0,0,0,0,0,0,0,0,0,0,0,1,0,1,0,0,0
9.0,40.0,52.5,213.0,1.0,0.0,4.0,0.0,0.0,0.0,0.0,1,0,0,0,0,0,0,0,0,0,0,0,0,0,0,0,0,0,0,0,0,0,0,0,0,0,0,0,0,1,0,0,0,0,0,0,0,1,0,0,0
10.0,34.0,64.71,203.0,1.0,0.0,0.0,2.0,12.0,0.0,0.0,1,0,0,0,0,0,0,0,0,0,0,0,0,0,0,0,0,0,0,0,0,0,0,0,0,0,0,0,0,0,0,0,0,0,0,0,1,1,0,0,0
17.0,27.0,74.07,261.0,2.0,0.0,5.0,1.0,2.0,0.0,1.0,0,1,0,0,0,0,0,0,0,0,0,0,0,0,0,0,0,0,0,0,0,0,1,0,0,0,0,0,0,0,0,0,0,0,0,0,0,1,0,0,0
18.0,30.0,63.33,207.0,2.0,3.0,5.0,0.0,0.0,0.0,0.0,1,0,0,0,0,0,0,1,0,0,0,0,0,0,0,0,0,0,0,0,0,0,0,0,0,0,0,0,0,0,0,0,0,0,0,0,0,1,0,0,0
19.0,18.0,77.78,172.0,3.0,1.0,0.0,5.0,7.0,0.0,1.0,1,0,0,0,0,0,0,0,0,0,0,0,0,0,0,0,0,0,0,0,0,0,0,0,0,0,0,0,0,1,0,0,0,0,0,0,0,1,0,0,0
20.0,32.0,78.13,348.0,2.0,0.0,1.0,3.0,4.0,0.0,1.0,0,1,0,0,0,0,0,0,0,0,0,0,0,0,0,0,1,0,0,0,0,0,0,0,0,0,0,0,0,0,0,0,0,0,0,0,0,1,0,0,0
21.0,38.0,68.42,281.0,2.0,2.0,3.0,3.0,11.0,0.0,0.0,0,1,0,0,0,0,0,0,0,0,0,0,0,1,0,0,0,0,0,0,0,0,0,0,0,0,0,0,0,0,0,0,0,0,0,0,0,1,0,0,0
22.0,29.0,65.52,271.0,3.0,1.0,2.0,5.0,20.0,0.0,1.0,1,0,0,0,0,0,0,0,0,0,0,0,1,0,0,0,0,0,0,0,0,0,0,0,0,0,0,0,0,0,0,0,0,0,0,0,0,1,0,0,0
23.0,38.0,60.53,416.0,3.0,1.0,1.0,1.0,0.0,0.0,1.0,1,0,0,0,1,0,0,0,0,0,0,0,0,0,0,0,0,0,0,0,0,0,0,0,0,0,0,0,0,0,0,0,0,0,0,0,0,1,0,0,0
24.0,34.0,61.76,259.0,3.0,1.0,3.0,1.0,-1.0,0.0,0.0,1,0,0,0,0,0,0,0,0,0,0,0,0,0,0,0,0,0,0,0,0,0,0,0,0,0,1,0,0,0,0,0,0,0,0,0,0,1,0,0,0
25.0,40.0,70.0,282.0,0.0,2.0,5.0,2.0,1.0,0.0,0.0,0,1,0,0,0,0,0,0,0,1,0,0,0,0,0,0,0,0,0,0,0,0,0,0,0,0,0,0,0,0,0,0,0,0,0,0,0,1,0,0,0
26.0,29.0,68.97,148.0,1.0,0.0,3.0,3.0,11.0,0.0,1.0,1,0,0,0,0,0,0,0,0,0,0,0,0,0,0,0,0,0,0,0,1,0,0,0,0,0,0,0,0,0,0,0,0,0,0,0,0,1,0,0,0
27.0,24.0,83.33,190.0,1.0,1.0,2.0,1.0,8.0,1.0,1.0,0,1,0,0,0,0,0,0,0,0,0,0,0,0,0,0,0,0,0,0,0,0,0,0,0,0,0,0,0,1,0,0,0,0,0,0,0,1,0,0,0
28.0,40.0,60.0,300.0,1.0,2.0,6.0,1.0,6.0,1.0,0.0,0,1,0,0,0,0,0,0,0,0,0,0,0,0,0,0,0,0,1,0,0,0,0,0,0,0,0,0,0,0,0,0,0,0,0,0,0,1,0,0,0
29.0,34.0,73.53,348.0,2.0,0.0,5.0,2.0,3.0,0.0,0.0,0,1,0,0,0,0,0,0,0,0,0,0,0,0,0,0,0,0,0,0,0,0,0,0,0,0,0,0,0,0,0,0,1,0,0,0,0,1,0,0,0
30.0,22.0,68.18,157.0,1.0,0.0,3.0,5.0,25.0,0.0,1.0,1,0,0,0,0,0,0,0,0,0,0,1,0,0,0,0,0,0,0,0,0,0,0,0,0,0,0,0,0,0,0,0,0,0,0,0,0,1,0,0,0
31.0,46.0,80.43,525.0,4.0,0.0,3.0,2.0,11.0,0.0,1.0,0,1,0,0,1,0,0,0,0,0,0,0,0,0,0,0,0,0,0,0,0,0,0,0,0,0,0,0,0,0,0,0,0,0,0,0,0,1,0,0,0
32.0,39.0,76.92,446.0,4.0,0.0,4.0,5.0,10.0,0.0,1.0,0,1,0,0,0,0,0,0,0,0,0,0,0,0,0,0,0,1,0,0,0,0,0,0,0,0,0,0,0,0,0,0,0,0,0,0,0,1,0,0,0
34.0,53.0,62.26,338.0,2.0,4.0,7.0,6.0,47.0,0.0,0.0,0,1,0,0,0,0,0,0,0,0,0,0,0,0,0,0,0,0,0,0,0,0,0,0,0,0,0,0,0,1,0,0,0,0,0,0,0,1,0,0,0
35.0,36.0,66.67,199.0,1.0,0.0,6.0,4.0,26.0,0.0,0.0,1,0,0,0,0,0,0,0,0,0,1,0,0,0,0,0,0,0,0,0,0,0,0,0,0,0,0,0,0,0,0,0,0,0,0,0,0,1,0,0,0
36.0,36.0,63.89,275.0,3.0,0.0,2.0,5.0,0.0,0.0,1.0,1,0,0,0,0,0,0,0,0,0,0,0,0,0,0,0,0,0,0,0,0,0,0,0,0,0,1,0,0,0,0,0,0,0,0,0,0,1,0,0,0
37.0,31.0,64.52,287.0,2.0,0.0,1.0,5.0,6.0,0.0,1.0,0,1,0,0,0,0,0,0,0,0,0,0,0,0,0,0,0,0,0,0,0,1,0,0,0,0,0,0,0,0,0,0,0,0,0,0,0,1,0,0,0
38.0,35.0,68.57,217.0,1.0,1.0,2.0,3.0,6.0,1.0,0.0,1,0,0,0,1,0,0,0,0,0,0,0,0,0,0,0,0,0,0,0,0,0,0,0,0,0,0,0,0,0,0,0,0,0,0,0,0,1,0,0,0
39.0,37.0,75.68,300.0,3.0,0.0,3.0,4.0,25.0,1.0,1.0,1,0,0,0,0,0,0,0,0,0,0,0,0,0,0,0,0,0,0,0,0,0,0,1,0,0,0,0,0,0,0,0,0,0,0,0,0,1,0,0,0
40.0,42.0,80.95,481.0,3.0,0.0,3.0,3.0,20.0,1.0,1.0,0,1,0,1,0,0,0,0,0,0,0,0,0,0,0,0,0,0,0,0,0,0,0,0,0,0,0,0,0,0,0,0,0,0,0,0,0,1,0,0,0
41.0,35.0,71.43,232.0,2.0,1.0,5.0,1.0,2.0,0.0,0.0,1,0,0,0,0,0,0,0,0,1,0,0,0,0,0,0,0,0,0,0,0,0,0,0,0,0,0,0,0,0,0,0,0,0,0,0,0,1,0,0,0
42.0,28.0,78.57,206.0,1.0,0.0,1.0,4.0,9.0,1.0,1.0,0,1,0,0,0,0,1,0,0,0,0,0,0,0,0,0,0,0,0,0,0,0,0,0,0,0,0,0,0,0,0,0,0,0,0,0,0,1,0,0,0
43.0,39.0,61.54,355.0,4.0,2.0,2.0,4.0,5.0,0.0,1.0,1,0,0,0,0,0,0,0,0,0,0,0,0,0,0,0,0,0,0,0,0,0,0,0,0,0,0,0,0,1,0,0,0,0,0,0,0,1,0,0,0
44.0,37.0,59.46,270.0,1.0,0.0,1.0,9.0,32.0,0.0,1.0,1,0,0,0,0,0,0,0,0,0,0,0,0,0,0,0,0,0,0,0,0,0,0,0,0,0,0,0,0,0,0,0,0,0,0,1,0,1,0,0,0
45.0,31.0,80.65,286.0,2.0,0.0,1.0,11.0,46.0,1.0,1.0,0,1,0,0,0,0,0,0,0,0,0,0,0,0,0,0,0,1,0,0,0,0,0,0,0,0,0,0,0,0,0,0,0,0,0,0,0,1,0,0,0
46.0,33.0,54.55,239.0,2.0,1.0,1.0,6.0,10.0,0.0,1.0,0,1,0,0,0,0,0,0,0,1,0,0,0,0,0,0,0,0,0,0,0,0,0,0,0,0,0,0,0,0,0,0,0,0,0,0,0,1,0,0,0
47.0,39.0,69.23,200.0,4.0,1.0,2.0,3.0,8.0,0.0,1.0,1,0,0,0,0,0,0,0,0,0,0,0,0,0,0,0,0,0,0,0,0,0,0,0,0,0,0,0,0,0,0,0,0,0,1,0,0,1,0,0,0
48.0,52.0,76.92,375.0,3.0,2.0,2.0,4.0,5.0,0.0,1.0,1,0,0,0,0,0,0,0,0,0,0,0,0,0,0,0,0,0,0,0,0,0,0,0,1,0,0,0,0,0,0,0,0,0,0,0,0,1,0,0,0
49.0,42.0,59.52,215.0,1.0,0.0,2.0,3.0,10.0,0.0,1.0,0,1,0,0,1,0,0,0,0,0,0,0,0,0,0,0,0,0,0,0,0,0,0,0,0,0,0,0,0,0,0,0,0,0,0,0,0,1,0,0,0
50.0,31.0,45.16,82.0,0.0,0.0,2.0,1.0,-1.0,0.0,0.0,1,0,0,0,0,0,0,0,0,1,0,0,0,0,0,0,0,0,0,0,0,0,0,0,0,0,0,0,0,0,0,0,0,0,0,0,0,1,0,0,0
51.0,41.0,65.85,222.0,2.0,1.0,1.0,1.0,5.0,0.0,0.0,0,1,0,0,1,0,0,0,0,0,0,0,0,0,0,0,0,0,0,0,0,0,0,0,0,0,0,0,0,0,0,0,0,0,0,0,0,1,0,0,0
52.0,49.0,53.06,259.0,0.0,1.0,2.0,3.0,-2.0,0.0,1.0,0,1,0,0,0,0,0,0,0,0,0,0,0,0,0,0,0,0,0,1,0,0,0,0,0,0,0,0,0,0,0,0,0,0,0,0,0,1,0,0,0
53.0,30.0,66.67,165.0,0.0,0.0,3.0,3.0,1.0,0.0,0.0,1,0,0,0,0,0,0,0,0,0,0,0,0,0,0,0,0,0,0,0,0,0,0,0,0,0,0,0,0,0,0,0,0,0,0,1,0,1,0,0,0
54.0,46.0,78.26,317.0,3.0,1.0,3.0,4.0,7.0,0.0,1.0,1,0,1,0,0,0,0,0,0,0,0,0,0,0,0,0,0,0,0,0,0,0,0,0,0,0,0,0,0,0,0,0,0,0,0,0,0,1,0,0,0
55.0,35.0,68.57,185.0,2.0,1.0,3.0,2.0,4.0,0.0,1.0,0,1,0,0,0,0,0,0,0,0,0,0,0,0,0,0,0,0,0,0,0,0,0,0,0,0,0,0,0,0,0,1,0,0,0,0,0,1,0,0,0
56.0,32.0,87.5,283.0,3.0,0.0,3.0,6.0,43.0,0.0,1.0,1,0,0,0,0,0,0,0,0,0,0,0,0,0,0,0,0,0,0,0,0,0,0,0,0,0,0,0,0,0,0,0,1,0,0,0,0,1,0,0,0
57.0,44.0,70.45,348.0,2.0,0.0,1.0,5.0,4.0,0.0,1.0,0,1,0,0,0,1,0,0,0,0,0,0,0,0,0,0,0,0,0,0,0,0,0,0,0,0,0,0,0,0,0,0,0,0,0,0,0,1,0,0,0
58.0,40.0,67.5,347.0,2.0,2.0,4.0,5.0,20.0,0.0,0.0,0,1,0,0,0,0,0,0,0,0,0,0,0,0,1,0,0,0,0,0,0,0,0,0,0,0,0,0,0,0,0,0,0,0,0,0,0,1,0,0,0
59.0,17.0,64.71,101.0,1.0,0.0,2.0,1.0,7.0,0.0,0.0,1,0,0,0,1,0,0,0,0,0,0,0,0,0,0,0,0,0,0,0,0,0,0,0,0,0,0,0,0,0,0,0,0,0,0,0,0,1,0,0,0
1.0,32.0,62.5,151.0,2.0,0.0,2.0,1.0,-1.0,0.0,0.0,1,0,0,0,0,0,0,0,0,0,0,0,0,0,0,0,0,0,0,0,0,0,0,0,0,0,1,0,0,0,0,0,0,0,0,0,0,0,1,0,0
2.0,42.0,64.29,263.0,1.0,2.0,0.0,4.0,58.0,0.0,0.0,0,1,0,0,0,0,0,0,0,0,0,0,0,0,1,0,0,0,0,0,0,0,0,0,0,0,0,0,0,0,0,0,0,0,0,0,0,0,1,0,0
3.0,34.0,61.76,174.0,0.0,1.0,0.0,0.0,0.0,0.0,0.0,1,0,0,0,0,0,0,0,0,0,0,0,0,0,0,0,0,0,0,0,0,0,0,0,1,0,0,0,0,0,0,0,0,0,0,0,0,0,1,0,0
4.0,25.0,64.0,146.0,1.0,1.0,1.0,2.0,9.0,0.0,0.0,0,1,0,0,0,0,0,0,0,0,0,0,0,0,0,0,0,0,0,0,0,1,0,0,0,0,0,0,0,0,0,0,0,0,0,0,0,0,1,0,0
5.0,34.0,52.94,282.0,4.0,1.0,0.0,1.0,2.0,0.0,0.0,0,1,0,0,0,0,0,0,0,0,0,0,0,0,0,0,0,0,0,0,0,0,0,0,0,0,0,0,0,0,1,0,0,0,0,0,0,0,1,0,0
6.0,28.0,57.14,173.0,0.0,0.0,1.0,2.0,2.0,0.0,0.0,0,1,1,0,0,0,0,0,0,0,0,0,0,0,0,0,0,0,0,0,0,0,0,0,0,0,0,0,0,0,0,0,0,0,0,0,0,0,1,0,0
7.0,54.0,62.96,328.0,1.0,0.0,4.0,1.0,2.0,0.0,0.0,1,0,0,0,0,0,0,0,0,1,0,0,0,0,0,0,0,0,0,0,0,0,0,0,0,0,0,0,0,0,0,0,0,0,0,0,0,0,1,0,0
8.0,41.0,58.54,194.0,2.0,2.0,1.0,2.0,9.0,0.0,0.0,1,0,0,0,0,0,0,0,0,0,0,0,0,0,0,0,0,0,0,0,0,0,0,0,0,0,0,0,0,0,0,1,0,0,0,0,0,0,1,0,0
9.0,47.0,63.83,192.0,2.0,2.0,0.0,0.0,0.0,0.0,0.0,0,1,0,0,0,0,0,0,0,0,0,1,0,0,0,0,0,0,0,0,0,0,0,0,0,0,0,0,0,0,0,0,0,0,0,0,0,0,1,0,0
10.0,34.0,47.06,172.0,0.0,0.0,2.0,2.0,0.0,0.0,0.0,1,0,0,0,0,0,0,0,0,0,0,0,0,0,0,0,0,0,0,0,0,0,0,0,0,0,0,0,0,0,1,0,0,0,0,0,0,0,1,0,0
11.0,35.0,51.43,174.0,1.0,0.0,1.0,3.0,2.0,0.0,1.0,0,1,0,0,0,0,0,0,0,0,0,0,0,0,0,0,0,1,0,0,0,0,0,0,0,0,0,0,0,0,0,0,0,0,0,0,0,0,1,0,0
12.0,39.0,61.54,173.0,0.0,2.0,3.0,1.0,1.0,0.0,0.0,1,0,0,0,0,0,0,0,0,0,0,0,0,0,0,0,0,0,0,0,0,0,0,0,0,0,0,0,0,0,0,0,0,1,0,0,0,0,1,0,0
13.0,28.0,78.57,254.0,3.0,0.0,1.0,2.0,2.0,0.0,1.0,0,1,0,0,0,0,0,0,0,0,0,0,0,0,0,0,0,0,0,0,0,0,0,0,0,0,0,0,0,0,0,0,1,0,0,0,0,0,1,0,0
14.0,56.0,48.21,222.0,1.0,0.0,4.0,1.0,0.0,0.0,0.0,1,0,0,0,0,0,0,0,0,0,0,0,0,0,0,0,0,1,0,0,0,0,0,0,0,0,0,0,0,0,0,0,0,0,0,0,0,0,1,0,0
15.0,34.0,50.0,214.0,2.0,0.0,1.0,4.0,0.0,0.0,1.0,0,1,0,0,0,1,0,0,0,0,0,0,0,0,0,0,0,0,0,0,0,0,0,0,0,0,0,0,0,0,0,0,0,0,0,0,0,0,1,0,0
16.0,36.0,50.0,158.0,1.0,1.0,3.0,3.0,6.0,0.0,0.0,1,0,0,0,0,0,0,0,0,0,0,1,0,0,0,0,0,0,0,0,0,0,0,0,0,0,0,0,0,0,0,0,0,0,0,0,0,0,1,0,0
17.0,12.0,58.33,61.0,0.0,0.0,0.0,1.0,8.0,0.0,0.0,0,1,0,0,0,0,0,0,1,0,0,0,0,0,0,0,0,0,0,0,0,0,0,0,0,0,0,0,0,0,0,0,0,0,0,0,0,0,1,0,0
18.0,46.0,65.22,351.0,3.0,1.0,1.0,2.0,23.0,0.0,1.0,0,1,0,0,1,0,0,0,0,0,0,0,0,0,0,0,0,0,0,0,0,0,0,0,0,0,0,0,0,0,0,0,0,0,0,0,0,0,1,0,0
19.0,32.0,62.5,314.0,2.0,0.0,0.0,1.0,-1.0,0.0,1.0,1,0,0,0,0,0,0,0,0,1,0,0,0,0,0,0,0,0,0,0,0,0,0,0,0,0,0,0,0,0,0,0,0,0,0,0,0,0,1,0,0
20.0,33.0,60.61,196.0,2.0,1.0,2.0,1.0,0.0,0.0,0.0,1,0,0,0,0,0,0,1,0,0,0,0,0,0,0,0,0,0,0,0,0,0,0,0,0,0,0,0,0,0,0,0,0,0,0,0,0,0,1,0,0
21.0,39.0,66.67,249.0,1.0,1.0,4.0,1.0,-1.0,0.0,0.0,0,1,0,0,0,0,0,0,0,0,0,1,0,0,0,0,0,0,0,0,0,0,0,0,0,0,0,0,0,0,0,0,0,0,0,0,0,0,1,0,0
22.0,31.0,77.42,289.0,3.0,0.0,1.0,2.0,3.0,0.0,1.0,1,0,0,0,0,0,0,0,0,0,0,0,0,0,0,0,0,0,0,0,0,0,0,0,0,0,0,0,0,0,1,0,0,0,0,0,0,0,1,0,0
23.0,36.0,63.89,333.0,4.0,0.0,0.0,2.0,-2.0,0.0,1.0,0,1,0,0,0,0,0,0,0,0,0,0,0,0,0,0,0,0,0,0,0,0,0,0,0,0,1,0,0,0,0,0,0,0,0,0,0,0,1,0,0
24.0,44.0,54.55,301.0,4.0,1.0,0.0,2.0,3.0,0.0,0.0,1,0,0,0,0,0,0,0,0,0,0,0,0,0,0,0,0,0,0,0,0,0,0,0,0,0,0,0,0,1,0,0,0,0,0,0,0,0,1,0,0
25.0,43.0,67.44,302.0,2.0,2.0,2.0,2.0,12.0,0.0,0.0,0,1,0,0,0,0,0,0,0,0,0,0,0,0,0,0,0,0,0,0,0,0,1,0,0,0,0,0,0,0,0,0,0,0,0,0,0,0,1,0,0
26.0,25.0,52.0,169.0,0.0,0.0,1.0,1.0,8.0,0.0,0.0,1,0,0,0,0,0,0,0,0,0,0,0,1,0,0,0,0,0,0,0,0,0,0,0,0,0,0,0,0,0,0,0,0,0,0,0,0,0,1,0,0
27.0,37.0,64.86,330.0,3.0,0.0,1.0,4.0,5.0,0.0,1.0,1,0,0,0,0,0,0,0,0,0,0,0,0,0,0,0,0,0,0,0,0,0,0,0,0,0,0,0,0,0,0,0,0,0,0,1,0,0,1,0,0
28.0,48.0,64.58,283.0,2.0,3.0,4.0,0.0,0.0,0.0,0.0,0,1,0,0,0,0,0,0,0,0,0,0,0,0,0,0,0,1,0,0,0,0,0,0,0,0,0,0,0,0,0,0,0,0,0,0,0,0,1,0,0
29.0,29.0,41.38,135.0,2.0,0.0,3.0,4.0,-4.0,0.0,1.0,1,0,0,0,0,0,0,0,0,0,0,1,0,0,0,0,0,0,0,0,0,0,0,0,0,0,0,0,0,0,0,0,0,0,0,0,0,0,1,0,0
30.0,47.0,48.94,276.0,2.0,2.0,3.0,4.0,42.0,0.0,0.0,0,1,0,0,0,0,0,0,0,0,0,0,0,1,0,0,0,0,0,0,0,0,0,0,0,0,0,0,0,0,0,0,0,0,0,0,0,0,1,0,0
31.0,38.0,60.53,204.0,1.0,1.0,3.0,4.0,30.0,0.0,1.0,0,1,0,0,0,0,0,0,0,0,0,0,0,0,0,0,0,0,0,0,0,0,0,0,0,0,0,0,0,0,1,0,0,0,0,0,0,0,1,0,0
32.0,33.0,63.64,194.0,1.0,1.0,6.0,2.0,12.0,0.0,0.0,1,0,0,0,0,0,0,0,0,0,0,0,0,0,0,0,0,1,0,0,0,0,0,0,0,0,0,0,0,0,0,0,0,0,0,0,0,0,1,0,0
33.0,38.0,63.16,319.0,1.0,0.0,0.0,2.0,16.0,0.0,1.0,1,0,0,0,0,0,0,0,0,0,0,0,0,0,0,0,0,0,0,0,0,0,0,1,0,0,0,0,0,0,0,0,0,0,0,0,0,0,1,0,0
34.0,45.0,75.56,299.0,3.0,0.0,1.0,2.0,10.0,0.0,0.0,0,1,0,1,0,0,0,0,0,0,0,0,0,0,0,0,0,0,0,0,0,0,0,0,0,0,0,0,0,0,0,0,0,0,0,0,0,0,1,0,0
35.0,35.0,60.0,249.0,1.0,1.0,1.0,1.0,-1.0,0.0,1.0,1,0,0,0,0,0,0,0,0,0,0,0,0,0,0,0,0,0,0,0,0,0,0,0,0,0,0,0,0,0,0,0,0,0,0,1,0,0,1,0,0
36.0,35.0,71.43,199.0,4.0,0.0,0.0,3.0,-2.0,0.0,1.0,1,0,0,0,1,0,0,0,0,0,0,0,0,0,0,0,0,0,0,0,0,0,0,0,0,0,0,0,0,0,0,0,0,0,0,0,0,0,1,0,0
37.0,40.0,62.5,317.0,2.0,1.0,3.0,2.0,13.0,0.0,1.0,0,1,0,0,0,0,0,0,0,0,0,0,0,0,0,0,0,0,0,0,0,0,0,0,0,0,0,0,0,0,1,0,0,0,0,0,0,0,1,0,0
38.0,34.0,64.71,225.0,1.0,1.0,2.0,3.0,8.0,0.0,0.0,0,1,0,0,0,0,0,0,0,0,0,0,0,0,0,0,0,1,0,0,0,0,0,0,0,0,0,0,0,0,0,0,0,0,0,0,0,0,1,0,0
39.0,37.0,62.16,200.0,1.0,0.0,0.0,4.0,4.0,0.0,1.0,1,0,0,0,0,0,0,0,0,0,0,0,0,0,0,0,1,0,0,0,0,0,0,0,0,0,0,0,0,0,0,0,0,0,0,0,0,0,1,0,0
40.0,59.0,67.8,513.0,4.0,0.0,2.0,1.0,13.0,0.0,1.0,1,0,0,0,0,0,0,0,0,0,0,0,0,0,0,0,0,0,0,0,0,0,0,0,0,0,0,0,0,0,0,0,0,0,1,0,0,0,1,0,0
41.0,31.0,64.52,184.0,0.0,0.0,2.0,4.0,3.0,0.0,1.0,0,1,0,0,0,0,0,0,0,0,0,1,0,0,0,0,0,0,0,0,0,0,0,0,0,0,0,0,0,0,0,0,0,0,0,0,0,0,1,0,0
42.0,31.0,67.74,295.0,3.0,1.0,0.0,2.0,-2.0,0.0,1.0,0,1,0,0,0,0,0,0,0,0,0,0,0,0,1,0,0,0,0,0,0,0,0,0,0,0,0,0,0,0,0,0,0,0,0,0,0,0,1,0,0
43.0,38.0,68.42,315.0,2.0,1.0,1.0,5.0,-12.0,0.0,1.0,0,1,0,0,0,0,1,0,0,0,0,0,0,0,0,0,0,0,0,0,0,0,0,0,0,0,0,0,0,0,0,0,0,0,0,0,0,0,1,0,0
44.0,35.0,54.29,260.0,2.0,0.0,0.0,2.0,4.0,0.0,1.0,0,1,0,0,0,1,0,0,0,0,0,0,0,0,0,0,0,0,0,0,0,0,0,0,0,0,0,0,0,0,0,0,0,0,0,0,0,0,1,0,0
45.0,41.0,41.46,117.0,0.0,0.0,1.0,2.0,3.0,0.0,0.0,1,0,0,0,0,0,0,0,0,0,0,0,0,0,0,0,0,1,0,0,0,0,0,0,0,0,0,0,0,0,0,0,0,0,0,0,0,0,1,0,0
46.0,30.0,63.33,213.0,1.0,1.0,2.0,5.0,5.0,0.0,1.0,1,0,0,0,0,0,0,0,0,0,0,0,0,0,0,0,0,0,0,0,0,0,0,0,0,0,0,0,0,0,1,0,0,0,0,0,0,0,1,0,0
47.0,31.0,67.74,232.0,3.0,0.0,1.0,1.0,8.0,0.0,1.0,0,1,0,0,0,0,0,0,0,0,0,0,0,0,0,1,0,0,0,0,0,0,0,0,0,0,0,0,0,0,0,0,0,0,0,0,0,0,1,0,0
49.0,32.0,68.75,262.0,2.0,0.0,2.0,2.0,2.0,0.0,1.0,1,0,0,0,0,0,0,0,0,0,0,0,0,0,0,0,0,0,0,0,0,0,0,0,0,0,0,0,0,0,0,0,0,0,0,1,0,0,1,0,0
50.0,28.0,82.14,230.0,3.0,0.0,0.0,0.0,0.0,0.0,1.0,0,1,0,0,0,0,0,0,0,0,0,0,0,0,0,0,0,0,0,0,0,0,0,0,0,0,1,0,0,0,0,0,0,0,0,0,0,0,1,0,0
51.0,31.0,61.29,118.0,1.0,2.0,4.0,2.0,5.0,0.0,0.0,1,0,0,0,0,0,0,0,0,0,0,0,0,0,0,0,0,0,0,0,0,0,0,0,0,0,0,0,0,0,0,0,0,0,0,0,1,0,1,0,0
52.0,18.0,55.56,143.0,1.0,0.0,2.0,0.0,0.0,0.0,0.0,1,0,0,0,0,0,0,0,0,0,0,1,0,0,0,0,0,0,0,0,0,0,0,0,0,0,0,0,0,0,0,0,0,0,0,0,0,0,1,0,0
54.0,30.0,70.0,171.0,1.0,2.0,1.0,1.0,0.0,0.0,0.0,0,1,0,0,0,0,0,0,0,0,0,0,0,0,0,0,0,0,1,0,0,0,0,0,0,0,0,0,0,0,0,0,0,0,0,0,0,0,1,0,0
55.0,52.0,55.77,417.0,3.0,0.0,0.0,1.0,15.0,0.0,1.0,0,1,0,0,0,0,0,0,0,0,0,0,0,0,0,0,0,1,0,0,0,0,0,0,0,0,0,0,0,0,0,0,0,0,0,0,0,0,1,0,0
56.0,49.0,63.27,313.0,1.0,2.0,0.0,0.0,0.0,0.0,0.0,1,0,0,0,0,1,0,0,0,0,0,0,0,0,0,0,0,0,0,0,0,0,0,0,0,0,0,0,0,0,0,0,0,0,0,0,0,0,1,0,0
57.0,30.0,70.0,300.0,1.0,1.0,1.0,4.0,-3.0,0.0,1.0,1,0,0,0,0,0,0,0,0,0,0,0,0,0,0,0,0,0,0,0,0,1,0,0,0,0,0,0,0,0,0,0,0,0,0,0,0,0,1,0,0
58.0,49.0,57.14,237.0,1.0,1.0,1.0,0.0,0.0,0.0,0.0,0,1,0,0,0,0,0,0,0,0,0,0,0,0,0,0,0,0,0,0,0,0,0,0,1,0,0,0,0,0,0,0,0,0,0,0,0,0,1,0,0
59.0,24.0,75.0,253.0,2.0,0.0,2.0,3.0,-3.0,0.0,1.0,0,1,0,0,0,0,0,0,0,0,0,1,0,0,0,0,0,0,0,0,0,0,0,0,0,0,0,0,0,0,0,0,0,0,0,0,0,0,1,0,0
60.0,36.0,61.11,287.0,1.0,0.0,1.0,1.0,-1.0,0.0,1.0,0,1,0,0,0,0,0,0,0,0,0,0,0,0,0,0,0,0,0,0,0,0,0,0,0,1,0,0,0,0,0,0,0,0,0,0,0,0,1,0,0
61.0,41.0,58.54,211.0,1.0,2.0,3.0,0.0,0.0,0.0,0.0,1,0,0,0,0,0,0,0,0,0,0,0,0,0,0,0,0,1,0,0,0,0,0,0,0,0,0,0,0,0,0,0,0,0,0,0,0,0,1,0,0
62.0,38.0,55.26,171.0,2.0,0.0,0.0,4.0,47.0,0.0,0.0,0,1,0,0,0,0,0,0,0,0,1,0,0,0,0,0,0,0,0,0,0,0,0,0,0,0,0,0,0,0,0,0,0,0,0,0,0,0,1,0,0
63.0,29.0,51.72,140.0,1.0,2.0,1.0,3.0,3.0,0.0,0.0,1,0,0,0,0,0,0,0,0,0,0,0,0,0,0,0,0,0,0,0,0,0,0,0,0,0,0,0,1,0,0,0,0,0,0,0,0,0,1,0,0
64.0,28.0,67.86,243.0,1.0,1.0,2.0,2.0,1.0,0.0,0.0,1,0,0,0,0,0,0,0,0,0,0,0,0,0,0,0,0,0,1,0,0,0,0,0,0,0,0,0,0,0,0,0,0,0,0,0,0,0,1,0,0
65.0,40.0,72.5,303.0,0.0,3.0,1.0,2.0,1.0,0.0,0.0,0,1,0,0,0,0,0,0,0,0,0,0,0,0,0,0,0,0,0,1,0,0,0,0,0,0,0,0,0,0,0,0,0,0,0,0,0,0,1,0,0
66.0,32.0,90.63,288.0,1.0,0.0,1.0,0.0,0.0,0.0,0.0,1,0,0,0,0,0,0,0,0,0,0,1,0,0,0,0,0,0,0,0,0,0,0,0,0,0,0,0,0,0,0,0,0,0,0,0,0,0,1,0,0
67.0,39.0,69.23,345.0,1.0,2.0,3.0,2.0,-2.0,0.0,0.0,1,0,0,0,0,0,0,0,0,0,0,0,0,0,0,0,0,0,0,0,0,1,0,0,0,0,0,0,0,0,0,0,0,0,0,0,0,0,1,0,0
68.0,58.0,60.34,437.0,4.0,2.0,3.0,2.0,1.0,0.0,1.0,0,1,0,0,0,0,0,0,0,1,0,0,0,0,0,0,0,0,0,0,0,0,0,0,0,0,0,0,0,0,0,0,0,0,0,0,0,0,1,0,0
69.0,33.0,72.73,268.0,1.0,1.0,3.0,1.0,5.0,0.0,0.0,1,0,0,0,0,0,0,0,0,0,0,0,0,0,0,0,0,0,1,0,0,0,0,0,0,0,0,0,0,0,0,0,0,0,0,0,0,0,1,0,0
70.0,31.0,74.19,142.0,0.0,0.0,6.0,4.0,31.0,0.0,0.0,0,1,0,0,0,0,0,0,0,0,0,0,0,0,0,0,0,0,0,0,0,0,0,0,0,0,0,0,0,0,0,1,0,0,0,0,0,0,1,0,0
71.0,28.0,75.0,244.0,3.0,0.0,0.0,2.0,0.0,1.0,0.0,0,1,0,0,0,0,0,0,0,0,0,0,0,0,0,1,0,0,0,0,0,0,0,0,0,0,0,0,0,0,0,0,0,0,0,0,0,0,1,0,0
72.0,21.0,76.19,171.0,0.0,0.0,7.0,3.0,5.0,0.0,0.0,1,0,0,0,0,0,0,0,0,0,0,0,0,0,0,0,0,0,0,0,0,0,0,0,0,0,0,0,0,0,0,0,1,0,0,0,0,0,1,0,0
73.0,37.0,64.86,243.0,0.0,0.0,4.0,2.0,2.0,0.0,0.0,0,1,0,0,0,0,0,0,0,0,0,0,0,0,0,0,0,0,1,0,0,0,0,0,0,0,0,0,0,0,0,0,0,0,0,0,0,0,1,0,0
74.0,31.0,61.29,192.0,2.0,0.0,4.0,0.0,0.0,0.0,1.0,1,0,1,0,0,0,0,0,0,0,0,0,0,0,0,0,0,0,0,0,0,0,0,0,0,0,0,0,0,0,0,0,0,0,0,0,0,0,1,0,0
75.0,34.0,47.06,194.0,1.0,0.0,3.0,0.0,0.0,0.0,0.0,1,0,0,0,1,0,0,0,0,0,0,0,0,0,0,0,0,0,0,0,0,0,0,0,0,0,0,0,0,0,0,0,0,0,0,0,0,0,1,0,0
76.0,38.0,76.32,285.0,3.0,0.0,3.0,1.0,8.0,0.0,0.0,0,1,0,0,0,0,0,0,0,0,0,0,0,0,0,0,0,1,0,0,0,0,0,0,0,0,0,0,0,0,0,0,0,0,0,0,0,0,1,0,0
77.0,34.0,73.53,322.0,2.0,0.0,4.0,1.0,-1.0,0.0,1.0,0,1,0,0,0,0,0,0,0,0,0,0,0,0,0,0,0,0,0,0,0,0,0,0,0,0,0,0,0,1,0,0,0,0,0,0,0,0,1,0,0
78.0,38.0,55.26,263.0,1.0,0.0,5.0,0.0,0.0,0.0,0.0,1,0,0,0,0,0,0,0,1,0,0,0,0,0,0,0,0,0,0,0,0,0,0,0,0,0,0,0,0,0,0,0,0,0,0,0,0,0,1,0,0
79.0,26.0,73.08,167.0,0.0,0.0,1.0,4.0,-3.0,0.0,1.0,0,1,0,0,0,0,0,0,0,0,0,1,0,0,0,0,0,0,0,0,0,0,0,0,0,0,0,0,0,0,0,0,0,0,0,0,0,0,1,0,0
80.0,33.0,72.73,185.0,0.0,2.0,3.0,0.0,0.0,0.0,0.0,1,0,0,0,0,0,0,0,0,0,0,0,0,0,0,0,0,1,0,0,0,0,0,0,0,0,0,0,0,0,0,0,0,0,0,0,0,0,1,0,0
81.0,26.0,84.62,259.0,1.0,0.0,0.0,2.0,2.0,0.0,1.0,0,1,0,0,0,0,0,0,0,0,0,1,0,0,0,0,0,0,0,0,0,0,0,0,0,0,0,0,0,0,0,0,0,0,0,0,0,0,1,0,0
82.0,38.0,60.53,198.0,1.0,2.0,3.0,2.0,18.0,0.0,0.0,0,1,0,0,0,0,0,0,0,0,0,0,0,0,0,0,0,1,0,0,0,0,0,0,0,0,0,0,0,0,0,0,0,0,0,0,0,0,1,0,0
83.0,34.0,79.41,242.0,2.0,1.0,4.0,1.0,0.0,0.0,0.0,1,0,0,0,0,0,0,0,0,0,0,0,0,0,0,0,0,0,0,0,0,0,1,0,0,0,0,0,0,0,0,0,0,0,0,0,0,0,1,0,0
84.0,31.0,67.74,189.0,2.0,0.0,1.0,2.0,-1.0,0.0,1.0,1,0,0,0,0,0,0,0,0,0,0,0,0,0,0,1,0,0,0,0,0,0,0,0,0,0,0,0,0,0,0,0,0,0,0,0,0,0,1,0,0
85.0,32.0,78.13,229.0,0.0,0.0,0.0,3.0,8.0,0.0,1.0,0,1,0,0,0,0,0,1,0,0,0,0,0,0,0,0,0,0,0,0,0,0,0,0,0,0,0,0,0,0,0,0,0,0,0,0,0,0,1,0,0
86.0,28.0,78.57,293.0,2.0,1.0,0.0,2.0,0.0,0.0,0.0,1,0,0,0,0,0,0,0,0,0,0,0,0,1,0,0,0,0,0,0,0,0,0,0,0,0,0,0,0,0,0,0,0,0,0,0,0,0,1,0,0
87.0,30.0,60.0,285.0,3.0,0.0,0.0,0.0,0.0,0.0,0.0,1,0,0,0,0,0,0,0,0,0,0,0,0,0,1,0,0,0,0,0,0,0,0,0,0,0,0,0,0,0,0,0,0,0,0,0,0,0,1,0,0
88.0,31.0,64.52,289.0,2.0,0.0,1.0,0.0,0.0,0.0,1.0,0,1,0,0,0,0,0,0,0,0,0,0,1,0,0,0,0,0,0,0,0,0,0,0,0,0,0,0,0,0,0,0,0,0,0,0,0,0,1,0,0
89.0,31.0,67.74,218.0,1.0,0.0,3.0,1.0,4.0,0.0,1.0,0,1,0,0,0,0,0,0,0,0,0,0,0,0,0,0,0,0,1,0,0,0,0,0,0,0,0,0,0,0,0,0,0,0,0,0,0,0,1,0,0
90.0,29.0,86.21,292.0,1.0,1.0,3.0,5.0,1.0,1.0,1.0,0,1,0,0,0,0,0,0,1,0,0,0,0,0,0,0,0,0,0,0,0,0,0,0,0,0,0,0,0,0,0,0,0,0,0,0,0,0,1,0,0
91.0,27.0,55.56,127.0,0.0,1.0,1.0,1.0,11.0,0.0,0.0,1,0,0,0,0,0,0,0,0,0,0,0,0,0,0,0,0,0,0,0,0,0,0,0,0,0,1,0,0,0,0,0,0,0,0,0,0,0,1,0,0
92.0,30.0,66.67,222.0,1.0,2.0,2.0,3.0,7.0,0.0,0.0,1,0,0,0,0,0,0,0,0,0,0,0,0,0,0,0,0,1,0,0,0,0,0,0,0,0,0,0,0,0,0,0,0,0,0,0,0,0,1,0,0
93.0,34.0,73.53,262.0,2.0,0.0,2.0,2.0,17.0,0.0,0.0,0,1,0,0,0,0,0,0,0,0,0,0,0,0,0,0,0,0,0,0,0,0,0,0,0,0,0,0,0,0,0,0,0,0,0,1,0,0,1,0,0
94.0,36.0,61.11,267.0,1.0,0.0,4.0,1.0,12.0,0.0,0.0,0,1,0,0,0,0,0,0,0,0,0,0,0,0,0,0,1,0,0,0,0,0,0,0,0,0,0,0,0,0,0,0,0,0,0,0,0,0,1,0,0
95.0,30.0,86.67,291.0,1.0,0.0,3.0,1.0,3.0,1.0,1.0,1,0,0,0,0,0,0,0,0,0,0,0,0,0,0,0,0,0,1,0,0,0,0,0,0,0,0,0,0,0,0,0,0,0,0,0,0,0,1,0,0
96.0,46.0,63.04,391.0,1.0,0.0,2.0,1.0,0.0,0.0,0.0,1,0,0,0,0,0,0,0,0,0,0,1,0,0,0,0,0,0,0,0,0,0,0,0,0,0,0,0,0,0,0,0,0,0,0,0,0,0,1,0,0
97.0,30.0,73.33,239.0,1.0,0.0,0.0,0.0,0.0,0.0,1.0,1,0,0,0,0,0,1,0,0,0,0,0,0,0,0,0,0,0,0,0,0,0,0,0,0,0,0,0,0,0,0,0,0,0,0,0,0,0,1,0,0
98.0,38.0,73.68,284.0,3.0,0.0,3.0,3.0,3.0,0.0,1.0,0,1,0,0,0,0,0,0,0,0,0,0,0,0,0,0,0,0,0,0,0,0,0,1,0,0,0,0,0,0,0,0,0,0,0,0,0,0,1,0,0
99.0,32.0,75.0,261.0,2.0,0.0,2.0,2.0,10.0,0.0,0.0,1,0,0,0,0,0,0,0,0,0,0,0,0,0,0,0,0,0,0,0,0,0,0,0,1,0,0,0,0,0,0,0,0,0,0,0,0,0,1,0,0
100.0,44.0,72.73,311.0,2.0,0.0,2.0,4.0,20.0,0.0,0.0,0,1,0,0,0,1,0,0,0,0,0,0,0,0,0,0,0,0,0,0,0,0,0,0,0,0,0,0,0,0,0,0,0,0,0,0,0,0,1,0,0
101.0,31.0,70.97,347.0,3.0,1.0,1.0,4.0,1.0,0.0,1.0,1,0,0,0,0,0,0,0,0,0,0,0,0,0,0,0,0,1,0,0,0,0,0,0,0,0,0,0,0,0,0,0,0,0,0,0,0,0,1,0,0
102.0,36.0,66.67,284.0,2.0,1.0,3.0,2.0,19.0,0.0,0.0,0,1,0,0,0,0,0,0,0,0,0,0,0,0,0,0,0,0,0,0,0,0,0,0,0,0,0,0,0,0,0,0,0,0,1,0,0,0,1,0,0
103.0,24.0,62.5,111.0,1.0,0.0,2.0,6.0,41.0,0.0,1.0,1,0,0,0,0,0,0,0,0,1,0,0,0,0,0,0,0,0,0,0,0,0,0,0,0,0,0,0,0,0,0,0,0,0,0,0,0,0,1,0,0
104.0,23.0,56.52,165.0,2.0,0.0,1.0,2.0,14.0,0.0,1.0,1,0,0,0,0,0,0,0,0,0,0,0,0,0,0,0,0,0,1,0,0,0,0,0,0,0,0,0,0,0,0,0,0,0,0,0,0,0,1,0,0
105.0,25.0,64.0,154.0,0.0,0.0,0.0,4.0,10.0,0.0,1.0,0,1,0,0,0,0,0,0,0,0,0,1,0,0,0,0,0,0,0,0,0,0,0,0,0,0,0,0,0,0,0,0,0,0,0,0,0,0,1,0,0
106.0,31.0,74.19,275.0,3.0,1.0,0.0,3.0,6.0,0.0,0.0,0,1,0,0,0,0,0,0,0,0,0,0,0,0,0,0,0,1,0,0,0,0,0,0,0,0,0,0,0,0,0,0,0,0,0,0,0,0,1,0,0
107.0,34.0,64.71,215.0,0.0,1.0,3.0,0.0,0.0,0.0,0.0,1,0,0,1,0,0,0,0,0,0,0,0,0,0,0,0,0,0,0,0,0,0,0,0,0,0,0,0,0,0,0,0,0,0,0,0,0,0,1,0,0
108.0,47.0,59.57,381.0,3.0,1.0,2.0,2.0,5.0,1.0,1.0,1,0,0,0,0,0,0,0,0,0,0,0,0,0,0,0,0,0,0,0,0,0,0,0,0,0,1,0,0,0,0,0,0,0,0,0,0,0,1,0,0
109.0,45.0,68.89,316.0,2.0,2.0,0.0,3.0,12.0,1.0,0.0,0,1,0,0,0,0,0,0,0,0,0,0,0,0,0,1,0,0,0,0,0,0,0,0,0,0,0,0,0,0,0,0,0,0,0,0,0,0,1,0,0
110.0,5.0,60.0,53.0,0.0,0.0,1.0,0.0,0.0,0.0,0.0,0,1,0,0,0,0,0,0,0,0,0,0,0,0,0,0,0,0,1,0,0,0,0,0,0,0,0,0,0,0,0,0,0,0,0,0,0,0,1,0,0
111.0,34.0,61.76,336.0,1.0,0.0,3.0,2.0,-2.0,1.0,0.0,0,1,0,0,0,0,0,0,0,0,0,0,0,0,0,0,0,0,0,0,0,1,0,0,0,0,0,0,0,0,0,0,0,0,0,0,0,0,1,0,0
112.0,38.0,63.16,371.0,2.0,2.0,3.0,2.0,1.0,0.0,1.0,1,0,0,0,0,0,0,0,0,0,0,1,0,0,0,0,0,0,0,0,0,0,0,0,0,0,0,0,0,0,0,0,0,0,0,0,0,0,1,0,0
113.0,56.0,60.71,435.0,2.0,1.0,3.0,4.0,6.0,0.0,1.0,0,1,0,0,1,0,0,0,0,0,0,0,0,0,0,0,0,0,0,0,0,0,0,0,0,0,0,0,0,0,0,0,0,0,0,0,0,0,1,0,0
114.0,37.0,75.68,382.0,2.0,0.0,2.0,4.0,9.0,0.0,1.0,1,0,0,0,0,0,0,0,0,0,0,0,0,0,0,0,0,0,0,0,0,0,0,0,0,0,0,0,0,1,0,0,0,0,0,0,0,0,1,0,0
115.0,43.0,60.47,386.0,2.0,1.0,3.0,2.0,-2.0,0.0,1.0,0,1,0,0,0,0,0,0,0,0,0,0,0,0,0,0,0,0,0,0,0,1,0,0,0,0,0,0,0,0,0,0,0,0,0,0,0,0,1,0,0
116.0,34.0,61.76,196.0,2.0,1.0,4.0,3.0,6.0,0.0,0.0,1,0,0,0,0,0,0,0,0,0,0,0,0,0,0,0,0,0,1,0,0,0,0,0,0,0,0,0,0,0,0,0,0,0,0,0,0,0,1,0,0
117.0,35.0,62.86,206.0,0.0,1.0,3.0,3.0,10.0,0.0,0.0,0,1,0,0,0,0,0,1,0,0,0,0,0,0,0,0,0,0,0,0,0,0,0,0,0,0,0,0,0,0,0,0,0,0,0,0,0,0,1,0,0
118.0,27.0,66.67,341.0,2.0,0.0,2.0,2.0,-1.0,0.0,1.0,1,0,0,0,0,0,0,0,0,0,0,1,0,0,0,0,0,0,0,0,0,0,0,0,0,0,0,0,0,0,0,0,0,0,0,0,0,0,1,0,0
119.0,34.0,91.18,323.0,2.0,1.0,0.0,2.0,1.0,0.0,1.0,0,1,0,0,0,0,0,0,0,0,0,0,0,0,0,0,0,0,0,0,0,0,0,0,0,0,0,0,1,0,0,0,0,0,0,0,0,0,1,0,0
120.0,46.0,65.22,296.0,1.0,2.0,1.0,2.0,5.0,0.0,0.0,1,0,0,0,0,0,0,0,0,0,0,0,0,0,0,0,0,0,0,0,0,0,0,0,0,1,0,0,0,0,0,0,0,0,0,0,0,0,1,0,0
121.0,35.0,71.43,261.0,2.0,1.0,2.0,3.0,18.0,0.0,0.0,0,1,0,0,0,0,0,0,0,0,0,0,0,0,0,0,0,1,0,0,0,0,0,0,0,0,0,0,0,0,0,0,0,0,0,0,0,0,1,0,0
122.0,27.0,70.37,215.0,1.0,1.0,2.0,0.0,0.0,0.0,0.0,0,1,0,0,0,0,0,0,1,0,0,0,0,0,0,0,0,0,0,0,0,0,0,0,0,0,0,0,0,0,0,0,0,0,0,0,0,0,1,0,0
123.0,39.0,61.54,373.0,1.0,0.0,3.0,2.0,21.0,0.0,1.0,1,0,0,0,0,0,0,0,0,0,1,0,0,0,0,0,0,0,0,0,0,0,0,0,0,0,0,0,0,0,0,0,0,0,0,0,0,0,1,0,0
124.0,38.0,73.68,249.0,0.0,0.0,2.0,2.0,24.0,0.0,0.0,0,1,0,0,0,0,0,0,0,0,0,0,0,0,0,0,0,0,0,0,0,0,0,0,0,0,0,0,0,0,0,0,0,0,0,0,1,0,1,0,0
125.0,45.0,73.33,263.0,1.0,1.0,4.0,0.0,0.0,0.0,0.0,1,0,0,0,0,0,0,0,0,0,0,0,0,0,0,0,0,1,0,0,0,0,0,0,0,0,0,0,0,0,0,0,0,0,0,0,0,0,1,0,0
126.0,38.0,65.79,236.0,1.0,1.0,2.0,3.0,7.0,0.0,1.0,1,0,0,0,0,0,0,0,0,1,0,0,0,0,0,0,0,0,0,0,0,0,0,0,0,0,0,0,0,0,0,0,0,0,0,0,0,0,1,0,0
127.0,25.0,80.0,201.0,1.0,1.0,2.0,7.0,5.0,0.0,1.0,0,1,0,0,0,0,0,0,0,0,0,1,0,0,0,0,0,0,0,0,0,0,0,0,0,0,0,0,0,0,0,0,0,0,0,0,0,0,1,0,0
128.0,31.0,77.42,255.0,1.0,2.0,2.0,0.0,0.0,0.0,1.0,1,0,0,0,0,0,0,0,0,0,0,0,0,0,0,1,0,0,0,0,0,0,0,0,0,0,0,0,0,0,0,0,0,0,0,0,0,0,1,0,0
129.0,36.0,55.56,186.0,2.0,0.0,3.0,1.0,-1.0,0.0,1.0,0,1,0,0,0,0,0,0,0,0,0,0,0,0,0,0,0,0,1,0,0,0,0,0,0,0,0,0,0,0,0,0,0,0,0,0,0,0,1,0,0
130.0,37.0,59.46,295.0,2.0,3.0,5.0,0.0,0.0,0.0,0.0,1,0,0,0,0,0,0,0,0,0,0,0,0,0,0,0,0,0,1,0,0,0,0,0,0,0,0,0,0,0,0,0,0,0,0,0,0,0,1,0,0
131.0,39.0,64.1,252.0,2.0,0.0,1.0,1.0,9.0,0.0,0.0,0,1,1,0,0,0,0,0,0,0,0,0,0,0,0,0,0,0,0,0,0,0,0,0,0,0,0,0,0,0,0,0,0,0,0,0,0,0,1,0,0
132.0,44.0,59.09,303.0,2.0,1.0,1.0,2.0,17.0,0.0,0.0,1,0,0,0,0,0,0,0,0,0,0,0,0,0,0,0,0,0,0,0,0,0,0,0,0,0,0,0,0,0,0,0,0,0,0,1,0,0,1,0,0
133.0,34.0,61.76,188.0,0.0,0.0,2.0,7.0,40.0,0.0,1.0,0,1,0,0,0,0,0,0,0,0,0,1,0,0,0,0,0,0,0,0,0,0,0,0,0,0,0,0,0,0,0,0,0,0,0,0,0,0,1,0,0
134.0,30.0,63.33,241.0,2.0,0.0,2.0,1.0,3.0,0.0,0.0,1,0,0,0,0,0,0,0,0,0,0,0,0,0,0,0,0,1,0,0,0,0,0,0,0,0,0,0,0,0,0,0,0,0,0,0,0,0,1,0,0
135.0,27.0,77.78,241.0,1.0,0.0,1.0,3.0,-1.0,0.0,1.0,0,1,0,0,0,0,0,0,0,0,0,0,0,0,1,0,0,0,0,0,0,0,0,0,0,0,0,0,0,0,0,0,0,0,0,0,0,0,1,0,0
136.0,26.0,57.69,101.0,0.0,1.0,3.0,1.0,-1.0,0.0,0.0,1,0,0,0,0,0,0,0,0,0,0,0,0,0,0,0,0,0,0,0,0,0,0,1,0,0,0,0,0,0,0,0,0,0,0,0,0,0,1,0,0
137.0,36.0,58.33,259.0,2.0,0.0,2.0,0.0,0.0,0.0,0.0,1,0,0,0,0,0,0,0,0,0,0,0,0,0,0,0,1,0,0,0,0,0,0,0,0,0,0,0,0,0,0,0,0,0,0,0,0,0,1,0,0
138.0,38.0,63.16,248.0,2.0,0.0,2.0,0.0,0.0,0.0,0.0,0,1,0,0,0,0,0,0,0,0,0,0,0,0,0,1,0,0,0,0,0,0,0,0,0,0,0,0,0,0,0,0,0,0,0,0,0,0,1,0,0
139.0,37.0,62.16,307.0,2.0,0.0,1.0,0.0,0.0,0.0,1.0,1,0,0,0,0,0,0,0,0,0,0,1,0,0,0,0,0,0,0,0,0,0,0,0,0,0,0,0,0,0,0,0,0,0,0,0,0,0,1,0,0
140.0,36.0,69.44,295.0,3.0,2.0,1.0,2.0,10.0,0.0,1.0,1,0,0,0,0,0,0,0,0,0,0,0,0,0,0,0,0,0,0,0,0,0,0,0,0,0,0,0,0,0,0,1,0,0,0,0,0,0,1,0,0
141.0,30.0,53.33,250.0,2.0,1.0,0.0,0.0,0.0,0.0,1.0,0,1,0,0,0,0,0,0,0,0,0,0,0,0,0,0,0,0,1,0,0,0,0,0,0,0,0,0,0,0,0,0,0,0,0,0,0,0,1,0,0
142.0,20.0,55.0,137.0,0.0,2.0,0.0,4.0,11.0,0.0,0.0,1,0,0,0,0,0,0,0,0,0,0,0,0,0,0,0,0,0,0,1,0,0,0,0,0,0,0,0,0,0,0,0,0,0,0,0,0,0,1,0,0
143.0,38.0,52.63,231.0,3.0,1.0,3.0,0.0,0.0,0.0,1.0,0,1,0,0,0,0,0,0,0,0,0,0,0,0,0,0,0,0,0,0,0,0,0,0,1,0,0,0,0,0,0,0,0,0,0,0,0,0,1,0,0
144.0,30.0,53.33,174.0,1.0,3.0,3.0,3.0,14.0,0.0,0.0,1,0,0,0,0,0,0,0,0,0,0,0,0,0,0,0,0,0,0,0,0,0,0,0,0,0,0,0,0,1,0,0,0,0,0,0,0,0,1,0,0
147.0,33.0,69.7,305.0,1.0,1.0,4.0,3.0,4.0,0.0,1.0,0,1,0,0,0,0,0,0,0,0,0,0,0,0,0,0,0,0,0,0,0,0,0,0,0,0,0,0,0,0,0,0,0,0,0,1,0,0,1,0,0
148.0,36.0,58.33,228.0,0.0,1.0,4.0,3.0,-4.0,0.0,1.0,1,0,0,0,0,0,1,0,0,0,0,0,0,0,0,0,0,0,0,0,0,0,0,0,0,0,0,0,0,0,0,0,0,0,0,0,0,0,1,0,0
149.0,18.0,72.22,103.0,1.0,0.0,3.0,0.0,0.0,0.0,0.0,1,0,0,0,0,0,0,0,0,0,0,0,0,1,0,0,0,0,0,0,0,0,0,0,0,0,0,0,0,0,0,0,0,0,0,0,0,0,1,0,0
150.0,37.0,62.16,127.0,0.0,0.0,2.0,2.0,1.0,0.0,0.0,0,1,0,0,0,0,0,0,0,0,0,0,0,0,0,0,0,0,0,0,0,0,0,0,0,0,0,0,0,0,0,0,0,0,1,0,0,0,1,0,0
151.0,26.0,69.23,183.0,2.0,0.0,2.0,2.0,4.0,0.0,1.0,1,0,0,0,0,0,0,0,0,0,0,0,0,0,0,0,0,0,0,0,0,0,0,0,1,0,0,0,0,0,0,0,0,0,0,0,0,0,1,0,0
152.0,50.0,64.0,353.0,1.0,1.0,2.0,1.0,2.0,0.0,0.0,1,0,0,0,0,0,0,0,0,0,0,0,0,0,1,0,0,0,0,0,0,0,0,0,0,0,0,0,0,0,0,0,0,0,0,0,0,0,1,0,0
153.0,55.0,60.0,301.0,1.0,1.0,1.0,3.0,14.0,0.0,0.0,0,1,0,0,0,0,0,0,0,0,0,0,0,0,0,0,1,0,0,0,0,0,0,0,0,0,0,0,0,0,0,0,0,0,0,0,0,0,1,0,0
154.0,27.0,70.37,310.0,2.0,0.0,1.0,1.0,-1.0,0.0,1.0,1,0,0,0,0,0,0,0,0,0,0,0,0,0,0,1,0,0,0,0,0,0,0,0,0,0,0,0,0,0,0,0,0,0,0,0,0,0,1,0,0
155.0,34.0,73.53,211.0,2.0,0.0,0.0,3.0,3.0,0.0,1.0,0,1,0,0,0,0,0,1,0,0,0,0,0,0,0,0,0,0,0,0,0,0,0,0,0,0,0,0,0,0,0,0,0,0,0,0,0,0,1,0,0
156.0,18.0,72.22,110.0,0.0,0.0,2.0,1.0,10.0,0.0,0.0,1,0,0,0,0,0,0,0,0,0,0,0,0,0,0,0,0,0,0,0,0,0,1,0,0,0,0,0,0,0,0,0,0,0,0,0,0,0,1,0,0
157.0,38.0,63.16,304.0,0.0,1.0,1.0,2.0,7.0,0.0,0.0,1,0,0,1,0,0,0,0,0,0,0,0,0,0,0,0,0,0,0,0,0,0,0,0,0,0,0,0,0,0,0,0,0,0,0,0,0,0,1,0,0
158.0,22.0,77.27,226.0,1.0,1.0,2.0,2.0,-1.0,0.0,0.0,0,1,0,0,0,0,0,0,0,0,0,0,1,0,0,0,0,0,0,0,0,0,0,0,0,0,0,0,0,0,0,0,0,0,0,0,0,0,1,0,0
